#index	item	rlvl	ilvl	image
0	Amulet of the Viper	0	0	
1	Staff of Kings	0	0	
2	Horadric Staff	15	0	
3	Hell Forge Hammer	20	0	
4	Khalim's Flail	15	0	
5	Khalim's Will	20	0	
6	Golden Cycle	0	1	invch7
7	\gold;I Am Rich	0	1	
8	\gold;Riftwalker's Eye	105	1	
9	\gold;Sunstone of the Twin Seas	50	1	
10	(Druid Challenge Item)\nCaoi Dulra Fruit	90	1	
11	(Sorceress Challenge Item)\nNexus Crystal	90	1	
12	(Paladin Challenge Item)\nEye of Divinity	90	1	
13	(Amazon Challenge Item)\nSacred Sunstone	90	1	
14	(Assassin Challenge Item)\nShadow Vortex	90	1	
15	(Necromancer Challenge Item)\nSoulstone Shard	90	1	
16	(Barbarian Challenge Item)\nWorldstone Orb	90	1	
17	Corrupted Wormhole	100	1	
18	The Butcher's Tooth	105	1	
19	Laser Focus Crystal	105	1	
20	\gold;Six Angel Bag	105	1	
21	Optical Detector	105	1	
22	Visions of Akarat	110	1	akaratbook
23	Horazon's Focus	110	1	
24	Sacred Worldstone Key	110	1	
25	Scroll of Kings	110	1	
26	By Richard Knaak\nMoon of the Spider	110	1	
27	Azmodan's Heart	115	1	
28	Moo moo moo Moooo! Moo!\nFool's Gold	115	1	
29	Spirit Trance Herb	115	1	
30	Hammer of the Taan Judges	115	1	
31	Idol of Vanity	115	1	
32	By Richard Knaak\nLegacy of Blood	115	1	
33	Sunstone of the Gods	115	1	
34	The Black Road	115	1	
35	Zakarum's Ear	115	1	
36	Spirit of Creation	120	1	
37	\grey;Квестовый Предмет\n\gold;Tome of Possession	120	1	
38	Eternal Bone Pile	120	1	
39	Soul of Kabraxis	120	1	
40	Silver Seal of Ureh	120	1	
41	Umbaru Treasure	120	1	
42	By Robert Marks\nDemonsbane	120	1	demonsbaneZ
43	Weather Control	120	1	
44	Crystalline Flame Medallion	120	1	
45	The Ancient Repositories	125	1	
46	Xazax's Illusion	125	1	
47	Cold Fusion Schematics	125	1	coldfusion
48	Dragon Claw	125	1	
49	Lylia's Curse	120	1	
50	The Book of Lies	125	1	
51	The Sleep	125	1	
52	Astrogha's Venom Stinger	125	1	
53	The Glorious Book of Median	130	1	bookoflaz
54	Dimensional Key	130	1	
55	Books of Kalan	130	1	
56	\gold;Neutrality Pact	130	1	
57	Vial of Elder Blood	135	1	
58	'The Last Man Standing'\nНаграда за Событие:	0	1	
59	'The Goblin King'\nНаграда за Событие:	0	1	
60	Dulra Aegis	140	1	
61	ghist way	0	0	
62	ghist way	0	0	
63	ghist way	0	0	
64	ghist way	0	0	
65	ghist way	0	0	
66	ghist way	0	0	
67	ghist way	0	0	
68	ghist way	0	0	
69	Akara's Robe	10	255	invxtuu
70	Akara's Robe	50	255	invxtuu
71	Akara's Robe	80	255	invxtuu
72	Staff of Herding	33	1	invherding
73	\grey;Дизайн Предмета\n\gold;Staff of Herding	33	1	book03
74	Valkyrie's Prime	110	105	
75	\grey;Дизайн Предмета\n\gold;Valkyrie's Prime	110	1	
76	Assur's Bane	100	1	Ring08
77	Ring of the Five	100	1	Ring08
78	Celestial Sigil	125	110	invamu
79	Desolation	125	110	
80	Despondence	125	110	
81	Maleficence	125	110	
82	Vial of Elder Blood	135	1	
83	Celestial Sigil	125	110	invamu
84	Desolation	125	110	
85	Despondence	125	110	
86	Maleficence	125	110	
87	Quest Ring\nRing of Virtue	130	1	invrinquest
88	\gold;Ring of Pride	0	1	invrinquest
89	Реагент Куба\n\gold;Book of Cain	0	1	
90	\grey;Дизайн Предмета\n\gold;Book of Cain	0	1	
91	\grey;Дизайн Вещи\n\gold;Natasha's Legacy	0	1	
92	Natasha's Legacy	120	1	invnats
93	\grey;Чертёж Предмета\n\gold;Tenet of Harmony	0	1	book09
94	\grey;Чертёж Предмета\n\gold;Tenet of Restraint	0	1	book09
95	\grey;Чертёж Предмета\n\gold;Tenet of Vigor	0	1	book09
96	\grey;Чертёж Предмета\n\gold;Tenet of Wisdom	0	1	book09
97	\grey;Чертёж Предмета\n\gold;Tenet of Judgement	0	1	book09
98	\grey;Чертёж Предмета\n\gold;Tenet of Conflict	0	1	book09
99	\grey;Чертёж Предмета\n\gold;Dulra Aegis	0	1	book03
100	ghist way	0	0	
101	ghist way	0	0	
102	ghist way	0	0	
103	ghist way	0	0	
104	ghist way	0	0	
105	ghist way	0	0	
106	ghist way	0	0	
107	ghist way	0	0	
108	ghist way	0	0	
109	ghist way	0	0	
110	ghist way	0	0	
111	ghist way	0	0	
112	ghist way	0	0	
113	ghist way	0	0	
114	ghist way	0	0	
115	ghist way	0	0	
116	ghist way	0	0	
117	ghist way	0	0	
118	ghist way	0	0	
119	Hangman	1	1	
120	Fren Slairea	30	40	
121	Scarab of Death	40	70	
122	Angel Heart	40	40	
123	Athulua's Oracle	60	60	
124	The Dreamcatcher	80	80	
125	Felblood	10	1	
126	Teganze Pendant	60	70	
127	Witchmoon	100	100	
128	Niradyahk	80	105	
129	Locket of Dreams	100	105	
130	The Tesseract	100	105	
131	Vizjerei's Necklace	100	105	
132	Black Dwarf	110	105	
133	Klaatu Barada Nikto	110	105	
134	Death Ward	110	105	
135	Dyers Eve	100	120	
136	Jerhyn's Tawiz	0	1	
137	Gallowlaugh	110	110	
138	Quov Tsin's Talisman	110	110	superammy
139	Beads of the Snake Queen	100	120	
140	In For The Kill	100	120	
141	Lamen of the Archbishop	110	120	
142	Khanduran Royal Pendant	100	120	
143	Locust Hive	5	1	
144	Cindercone	40	40	
145	Bag of Tricks	100	120	
146	Hanabigami	60	80	
147	Kingsport's Signals	110	120	
148	Plague Gland	5	1	
149	Larzuk's Bandolier	40	40	
150	Lammergeier	100	120	
151	The Tranquilizer	60	80	
152	Devil's Dance	100	120	
153	The Boulder	1	1	
154	Storm Shard	20	20	
155	Demonstone Blood	40	40	
156	Farsight Globe	40	80	
157	Asheara's Cateye	100	100	
158	Heavenstone	100	105	
159	Katamari	30	40	
160	Xepera Xeper Xeperu	110	105	
161	Zakarum Stoning Rock	60	60	
162	Zann Esu's Stone	100	115	
163	Zann Esu's Stone	100	115	
164	Zann Esu's Stone	100	115	
165	Zann Esu's Stone	100	115	
166	Wishmaster	0	1	
167	Inarius' Rock	100	115	
168	Suicide Note	100	115	
169	Arkenstone	100	120	
170	Atomus	120	120	
171	Jewel of Luck	125	130	
172	Ring of Regha	0	1	
173	Ring of Disengagement	1	1	
174	Ring of Truth	20	20	
175	Ripstar	60	60	
176	Xorine's Ring	80	80	
177	Earth Rouser	100	100	
178	Empyrean Band	40	40	
179	The Seal of Kharos	60	80	
180	Ras Algethi	100	105	
181	Sigil of Tur Dulra	100	105	
182	Der Nebelring	110	105	
183	Bloodbond	50	50	
184	Seal of the Nephalem Kings	100	120	
185	Giant's Knuckle	100	120	
186	Witchcraft	100	120	
187	Ouroboros	110	120	
188	Myokai's Path	30	40	
189	Empyrean Glory	50	120	
190	Bad Mood	100	120	
191	Elemental Band	100	120	
192	Adrenaline Rush	100	120	
193	Black Hand Sigil	100	120	BlackHandSigil
194	Signet of the Gladiator	100	120	BlackHandSigil
195	Catechumen	7	12	
196	Catechumen	25	29	
197	Catechumen	42	50	
198	Catechumen	51	85	
199	Queen of Glass	11	19	
200	Queen of Glass	30	34	
201	Queen of Glass	47	55	
202	Queen of Glass	54	90	
203	Vindicatress	8	12	
204	Vindicatress	26	29	
205	Vindicatress	45	49	
206	Vindicatress	54	85	
207	Nymph's Grace	6	9	
208	Nymph's Grace	23	27	
209	Nymph's Grace	41	48	
210	Nymph's Grace	49	82	
211	Bathos	6	10	
212	Bathos	24	27	
213	Bathos	41	48	
214	Bathos	50	83	
215	Thunderdome	8	13	
216	Thunderdome	25	29	
217	Thunderdome	43	50	
218	Thunderdome	51	85	
219	The Sightless Eye	1	3	
220	The Sightless Eye	19	22	
221	The Sightless Eye	36	43	
222	The Sightless Eye	45	76	
223	Spirit Teacher's Headdress	10	17	
224	Spirit Teacher's Headdress	28	32	
225	Spirit Teacher's Headdress	46	53	
226	Spirit Teacher's Headdress	54	90	
227	The Lumberjack	3	5	
228	The Lumberjack	22	24	
229	The Lumberjack	40	45	
230	The Lumberjack	49	78	
231	Wolfpack	6	9	
232	Wolfpack	25	27	
233	Wolfpack	43	48	
234	Wolfpack	53	83	
235	Rockshatter	6	10	
236	Rockshatter	24	27	
237	Rockshatter	43	48	
238	Rockshatter	53	83	
239	Ironsleet	7	12	
240	Ironsleet	26	29	
241	Ironsleet	44	49	
242	Ironsleet	54	85	
243	Wisdom's Wrap	12	19	
244	Wisdom's Wrap	29	34	
245	Wisdom's Wrap	47	54	
246	Wisdom's Wrap	55	90	
247	Addertongue	6	9	
248	Addertongue	24	27	
249	Addertongue	43	48	
250	Addertongue	52	82	
251	Skullhammer	5	8	
252	Skullhammer	24	26	
253	Skullhammer	42	47	
254	Skullhammer	51	81	
255	The Covenant	6	10	
256	The Covenant	25	27	
257	The Covenant	43	48	
258	The Covenant	52	83	
259	Aerin Orbiter	5	8	
260	Aerin Orbiter	22	26	
261	Aerin Orbiter	40	46	
262	Aerin Orbiter	48	80	
263	Skull Lord	6	9	
264	Skull Lord	24	27	
265	Skull Lord	41	47	
266	Skull Lord	50	83	
267	Clawscratch	10	15	
268	Clawscratch	28	32	
269	Clawscratch	47	52	
270	Clawscratch	54	86	
271	Arihan's End	11	17	
272	Arihan's End	29	33	
273	Arihan's End	49	54	
274	Arihan's End	57	90	
275	Leoric's Legion	8	13	
276	Leoric's Legion	25	29	
277	Leoric's Legion	43	50	
278	Leoric's Legion	52	85	
279	Stillwater	10	17	
280	Stillwater	27	32	
281	Stillwater	45	53	
282	Stillwater	54	90	
283	The Wailing Wall	5	9	
284	The Wailing Wall	23	27	
285	The Wailing Wall	40	47	
286	The Wailing Wall	49	81	
287	Fateweaver	5	8	
288	Fateweaver	23	26	
289	Fateweaver	42	46	
290	Fateweaver	51	81	
291	Auto Da Fe	4	6	
292	Auto Da Fe	22	25	
293	Auto Da Fe	41	45	
294	Auto Da Fe	50	79	
295	Talon's Reach	6	9	
296	Talon's Reach	26	29	
297	Talon's Reach	47	51	
298	Talon's Reach	57	90	
299	Rabbit's Foot	1	1	
300	Rabbit's Foot	17	20	
301	Rabbit's Foot	34	40	
302	Rabbit's Foot	43	71	
303	Shieldcracker	5	7	
304	Shieldcracker	23	26	
305	Shieldcracker	42	46	
306	Shieldcracker	51	80	
307	Werecat	5	8	
308	Werecat	23	27	
309	Werecat	40	47	
310	Werecat	50	83	
311	Jackal's Hunger	3	5	
312	Jackal's Hunger	22	24	
313	Jackal's Hunger	40	44	
314	Jackal's Hunger	49	78	
315	Raptor Beak	6	10	
316	Raptor Beak	25	27	
317	Raptor Beak	44	49	
318	Raptor Beak	53	84	
319	The Breaking Wheel	7	9	
320	The Breaking Wheel	24	27	
321	The Breaking Wheel	42	48	
322	The Breaking Wheel	51	83	
323	Uldyssian's Legion	9	13	
324	Uldyssian's Legion	27	29	
325	Uldyssian's Legion	46	50	
326	Uldyssian's Legion	55	86	
327	Razordisk	1	1	
328	Razordisk	17	20	
329	Razordisk	35	41	
330	Razordisk	43	72	
331	Golden Fleece	3	5	
332	Golden Fleece	21	24	
333	Golden Fleece	38	44	
334	Golden Fleece	47	78	
335	The Jester	1	1	invjester
336	The Jester	17	20	invjester
337	The Jester	35	41	invjester
338	The Jester	44	73	invjester
339	Wedding Dress of the Zann	12	20	
340	Wedding Dress of the Zann	31	35	
341	Wedding Dress of the Zann	48	55	
342	Wedding Dress of the Zann	55	90	
343	Snakehair	5	8	
344	Snakehair	23	26	
345	Snakehair	40	46	
346	Snakehair	49	82	
347	Zenith	5	8	
348	Zenith	24	27	
349	Zenith	42	47	
350	Zenith	52	82	
351	Lionpaw	4	7	
352	Lionpaw	22	25	
353	Lionpaw	39	46	
354	Lionpaw	48	79	
355	Featherclaw	5	8	
356	Featherclaw	22	26	
357	Featherclaw	40	46	
358	Featherclaw	48	80	
359	Albrecht's Revenge	4	7	
360	Albrecht's Revenge	22	26	
361	Albrecht's Revenge	39	46	
362	Albrecht's Revenge	49	81	
363	The Celestial Crown	4	7	
364	The Celestial Crown	22	25	
365	The Celestial Crown	39	46	
366	The Celestial Crown	48	81	
367	Thunderball	6	10	
368	Thunderball	25	27	
369	Thunderball	43	48	
370	Thunderball	52	83	
371	Gold Digger	6	10	
372	Gold Digger	25	27	
373	Gold Digger	44	49	
374	Gold Digger	53	84	
375	Jared's Fragmentor	2	4	
376	Jared's Fragmentor	21	23	
377	Jared's Fragmentor	39	43	
378	Jared's Fragmentor	50	78	
379	Gnarled Root	1	1	
380	Gnarled Root	18	20	
381	Gnarled Root	37	41	
382	Gnarled Root	46	73	
383	Soulraider	4	7	
384	Soulraider	23	25	
385	Soulraider	41	46	
386	Soulraider	50	79	
387	Sagespirit	5	8	
388	Sagespirit	24	26	
389	Sagespirit	42	46	
390	Sagespirit	51	80	
391	The Allseeing Eye	6	9	
392	The Allseeing Eye	23	27	
393	The Allseeing Eye	41	48	
394	The Allseeing Eye	49	82	
395	The Barracuda	5	8	
396	The Barracuda	24	27	
397	The Barracuda	42	46	
398	The Barracuda	52	82	
399	Glowskull	10	17	
400	Glowskull	28	32	
401	Glowskull	46	53	
402	Glowskull	54	90	
403	Shadowmoon	10	17	
404	Shadowmoon	28	32	
405	Shadowmoon	45	53	
406	Shadowmoon	54	90	
407	Iceflayer	11	18	
408	Iceflayer	30	33	
409	Iceflayer	48	53	
410	Iceflayer	57	90	
411	The Shanker	1	1	
412	The Shanker	18	20	
413	The Shanker	36	40	
414	The Shanker	45	72	
415	The Khalim Organ	6	9	
416	The Khalim Organ	25	27	
417	The Khalim Organ	43	47	
418	The Khalim Organ	53	83	
419	Hellspeak	10	17	
420	Hellspeak	28	32	
421	Hellspeak	45	53	
422	Hellspeak	54	90	
423	Haareis	10	17	
424	Haareis	28	32	
425	Haareis	46	53	
426	Haareis	54	90	
427	Sharp Beak	4	6	
428	Sharp Beak	22	25	
429	Sharp Beak	41	45	
430	Sharp Beak	50	79	
431	Anthem De Frost	5	8	
432	Anthem De Frost	24	26	
433	Anthem De Frost	42	47	
434	Anthem De Frost	51	81	
435	Dragonstone	10	16	
436	Dragonstone	29	32	
437	Dragonstone	47	52	
438	Dragonstone	54	86	
439	The Watcher	1	1	
440	The Watcher	17	19	
441	The Watcher	36	39	
442	The Watcher	45	71	
443	Wildhunt	7	10	
444	Wildhunt	24	28	
445	Wildhunt	42	48	
446	Wildhunt	50	83	
447	Finis Terra	5	8	
448	Finis Terra	24	27	
449	Finis Terra	42	47	
450	Finis Terra	52	82	
451	Skyguard	8	13	
452	Skyguard	25	29	
453	Skyguard	43	50	
454	Skyguard	51	85	
455	Bonechewer	4	7	
456	Bonechewer	22	25	
457	Bonechewer	39	46	
458	Bonechewer	48	81	
459	Fauztin's Visage	11	11	
460	Fauztin's Visage	37	29	
461	Fauztin's Visage	61	48	
462	Fauztin's Visage	75	86	
463	Ravenflock	16	17	
464	Ravenflock	45	32	
465	Ravenflock	70	53	
466	Ravenflock	84	87	
467	Frostbringer	7	11	
468	Frostbringer	26	29	
469	Frostbringer	45	49	
470	Frostbringer	54	85	
471	Naiad King	4	7	
472	Naiad King	25	27	
473	Naiad King	46	50	
474	Naiad King	55	86	
475	Icebird	4	6	
476	Icebird	23	25	
477	Icebird	41	46	
478	Icebird	50	80	
479	Farnham's Flowerpot	6	9	
480	Farnham's Flowerpot	23	27	
481	Farnham's Flowerpot	41	48	
482	Farnham's Flowerpot	49	82	
483	Shroud Royal	11	18	
484	Shroud Royal	28	33	
485	Shroud Royal	46	53	
486	Shroud Royal	54	90	
487	Serenthia's Disguise	3	5	
488	Serenthia's Disguise	20	22	
489	Serenthia's Disguise	38	44	
490	Serenthia's Disguise	46	76	
491	Graven Image	7	12	
492	Graven Image	25	29	
493	Graven Image	42	50	
494	Graven Image	51	85	
495	Pollice Verso	10	16	
496	Pollice Verso	27	32	
497	Pollice Verso	44	52	
498	Pollice Verso	52	86	
499	Edge of Extinction	11	17	
500	Edge of Extinction	29	32	
501	Edge of Extinction	48	53	
502	Edge of Extinction	55	87	
503	Hellreaper	4	7	
504	Hellreaper	23	25	
505	Hellreaper	41	46	
506	Hellreaper	51	81	
507	Invictus	14	16	
508	Invictus	31	32	
509	Invictus	49	52	
510	Invictus	57	88	
511	Sudis Murale	7	11	
512	Sudis Murale	25	28	
513	Sudis Murale	44	48	
514	Sudis Murale	53	84	
515	Dubhdroiacht	4	7	
516	Dubhdroiacht	23	25	
517	Dubhdroiacht	42	46	
518	Dubhdroiacht	50	79	
519	Dies Metus	6	9	
520	Dies Metus	24	27	
521	Dies Metus	43	47	
522	Dies Metus	52	82	
523	Steel Golem	9	15	
524	Steel Golem	27	31	
525	Steel Golem	45	52	
526	Steel Golem	52	87	
527	Doomfall	10	17	
528	Doomfall	28	32	
529	Doomfall	45	53	
530	Doomfall	54	90	
531	Voidstream	4	6	
532	Voidstream	23	25	
533	Voidstream	41	46	
534	Voidstream	51	80	
535	Norrec's Topor	7	11	
536	Norrec's Topor	25	28	
537	Norrec's Topor	44	48	
538	Norrec's Topor	53	84	
539	Lanterne Rouge	8	13	
540	Lanterne Rouge	25	29	
541	Lanterne Rouge	43	50	
542	Lanterne Rouge	51	85	
543	The Flying Anvil	11	17	
544	The Flying Anvil	29	32	
545	The Flying Anvil	48	53	
546	The Flying Anvil	55	87	
547	The Dao of Xiansai	11	17	
548	The Dao of Xiansai	29	33	
549	The Dao of Xiansai	49	54	
550	The Dao of Xiansai	57	90	
551	Wake of Destruction	9	16	
552	Wake of Destruction	27	32	
553	Wake of Destruction	44	51	
554	Wake of Destruction	52	86	
555	Blackheart	11	17	
556	Blackheart	29	32	
557	Blackheart	47	53	
558	Blackheart	55	87	
559	Blackleach Blade	6	9	
560	Blackleach Blade	26	29	
561	Blackleach Blade	47	51	
562	Blackleach Blade	57	90	
563	Gift of the Spiritbeast	12	18	
564	Gift of the Spiritbeast	31	35	
565	Gift of the Spiritbeast	52	57	
566	Gift of the Spiritbeast	60	90	
567	Brainhack	1	1	
568	Brainhack	19	20	
569	Brainhack	37	41	
570	Brainhack	46	73	
571	Faithshaker	12	18	
572	Faithshaker	30	33	
573	Faithshaker	49	53	
574	Faithshaker	56	88	
575	Leather of Aut	2	4	
576	Leather of Aut	19	22	
577	Leather of Aut	37	43	
578	Leather of Aut	45	75	
579	Sawfish	4	6	
580	Sawfish	22	25	
581	Sawfish	41	45	
582	Sawfish	50	79	
583	Earth Song	4	7	
584	Earth Song	22	25	
585	Earth Song	39	46	
586	Earth Song	48	81	
587	Deadfall	7	11	
588	Deadfall	24	28	
589	Deadfall	41	48	
590	Deadfall	50	84	
591	Death Spur	3	5	
592	Death Spur	20	24	
593	Death Spur	38	44	
594	Death Spur	46	77	
595	Fallentooth	8	12	
596	Fallentooth	28	31	
597	Fallentooth	47	52	
598	Fallentooth	54	85	
599	Toorc's Gift	3	5	
600	Toorc's Gift	20	24	
601	Toorc's Gift	38	44	
602	Toorc's Gift	46	77	
603	Lavadome	4	7	
604	Lavadome	22	25	
605	Lavadome	39	46	
606	Lavadome	48	81	
607	Thunderhead	5	9	
608	Thunderhead	23	27	
609	Thunderhead	40	47	
610	Thunderhead	49	82	
611	Mendeln's Companion	4	6	
612	Mendeln's Companion	24	27	
613	Mendeln's Companion	45	49	
614	Mendeln's Companion	55	86	
615	The Crucifier	3	4	
616	The Crucifier	23	26	
617	The Crucifier	44	48	
618	The Crucifier	53	84	
619	Cornucopia	6	9	
620	Cornucopia	23	27	
621	Cornucopia	41	48	
622	Cornucopia	49	82	
623	Godhead	2	4	
624	Godhead	19	23	
625	Godhead	37	43	
626	Godhead	45	76	
627	Deadly Hunter	1	3	
628	Deadly Hunter	20	22	
629	Deadly Hunter	39	43	
630	Deadly Hunter	48	75	
631	Icehunter's Fang	7	11	
632	Icehunter's Fang	26	28	
633	Icehunter's Fang	45	50	
634	Icehunter's Fang	54	85	
635	Demon's Flight	1	1	
636	Demon's Flight	18	20	
637	Demon's Flight	36	41	
638	Demon's Flight	46	72	
639	Slimedrool	3	4	
640	Slimedrool	20	23	
641	Slimedrool	37	43	
642	Slimedrool	47	78	
643	The Nutcracker	1	1	
644	The Nutcracker	19	21	
645	The Nutcracker	37	41	
646	The Nutcracker	46	73	
647	Ennead's Bane	6	9	
648	Ennead's Bane	24	27	
649	Ennead's Bane	41	48	
650	Ennead's Bane	51	84	
651	Banner of Duncraig	5	9	
652	Banner of Duncraig	23	27	
653	Banner of Duncraig	40	47	
654	Banner of Duncraig	49	82	
655	Bul Kathos' Teaching	13	19	
656	Bul Kathos' Teaching	31	34	
657	Bul Kathos' Teaching	50	55	
658	Bul Kathos' Teaching	58	90	
659	Acidburn	6	9	
660	Acidburn	24	27	
661	Acidburn	43	47	
662	Acidburn	52	82	
663	Wrathchild	12	18	
664	Wrathchild	31	35	
665	Wrathchild	52	57	
666	Wrathchild	60	90	
667	Nightscape	4	7	
668	Nightscape	22	25	
669	Nightscape	39	46	
670	Nightscape	48	79	
671	Heartrend	1	1	
672	Heartrend	18	20	
673	Heartrend	37	41	
674	Heartrend	46	73	
675	Wheel of Fortune	4	6	
676	Wheel of Fortune	21	25	
677	Wheel of Fortune	39	46	
678	Wheel of Fortune	48	80	
679	Acidblood	2	3	
680	Acidblood	18	21	
681	Acidblood	35	41	
682	Acidblood	45	75	
683	Vilehand	1	1	
684	Vilehand	17	20	
685	Vilehand	34	40	
686	Vilehand	43	72	
687	Wormtongue	3	5	
688	Wormtongue	21	24	
689	Wormtongue	38	45	
690	Wormtongue	46	77	
691	Runeshatter	3	5	
692	Runeshatter	22	25	
693	Runeshatter	40	45	
694	Runeshatter	50	78	
695	Visegrip	6	11	
696	Visegrip	24	28	
697	Visegrip	41	48	
698	Visegrip	50	83	
699	Dragon's Blood	8	13	
700	Dragon's Blood	25	29	
701	Dragon's Blood	43	50	
702	Dragon's Blood	51	85	
703	Zealot Rush	6	10	
704	Zealot Rush	24	27	
705	Zealot Rush	41	48	
706	Zealot Rush	50	83	
707	Darkplague	6	10	
708	Darkplague	25	27	
709	Darkplague	43	48	
710	Darkplague	52	83	
711	Magebane	3	5	
712	Magebane	22	25	
713	Magebane	40	45	
714	Magebane	50	78	
715	The Magister	3	4	
716	The Magister	21	23	
717	The Magister	40	44	
718	The Magister	49	77	
719	Herr Donner	8	12	
720	Herr Donner	26	29	
721	Herr Donner	45	50	
722	Herr Donner	54	85	
723	The Black Dame	11	18	
724	The Black Dame	30	33	
725	The Black Dame	48	53	
726	The Black Dame	57	90	
727	Koth's Lesson	5	8	
728	Koth's Lesson	23	26	
729	Koth's Lesson	42	46	
730	Koth's Lesson	51	81	
731	Mooncurse	10	16	
732	Mooncurse	29	32	
733	Mooncurse	47	53	
734	Mooncurse	55	86	
735	Terra Indiges	10	16	
736	Terra Indiges	29	32	
737	Terra Indiges	47	52	
738	Terra Indiges	55	86	
739	Sundial Spire	7	10	
740	Sundial Spire	25	28	
741	Sundial Spire	44	48	
742	Sundial Spire	53	83	
743	King of the Dreadlands	1	1	
744	King of the Dreadlands	20	22	
745	King of the Dreadlands	40	44	
746	King of the Dreadlands	50	80	
747	Wasp Sting	7	11	
748	Wasp Sting	26	28	
749	Wasp Sting	44	48	
750	Wasp Sting	53	84	
751	Lord of Thorns	11	17	
752	Lord of Thorns	31	34	
753	Lord of Thorns	51	57	
754	Lord of Thorns	59	90	
755	Umbaru's Jinx	7	12	
756	Umbaru's Jinx	24	28	
757	Umbaru's Jinx	42	49	
758	Umbaru's Jinx	50	84	
759	Bonerattler	7	11	
760	Bonerattler	25	28	
761	Bonerattler	44	48	
762	Bonerattler	53	84	
763	The Prospector's Pick	7	11	
764	The Prospector's Pick	26	28	
765	The Prospector's Pick	44	49	
766	The Prospector's Pick	53	84	
767	Zerae's Veil	2	2	
768	Zerae's Veil	18	21	
769	Zerae's Veil	36	41	
770	Zerae's Veil	45	74	
771	Magnet Rock	7	11	
772	Magnet Rock	25	28	
773	Magnet Rock	44	48	
774	Magnet Rock	53	84	
775	Na-Krul's Spine	6	9	
776	Na-Krul's Spine	26	29	
777	Na-Krul's Spine	47	51	
778	Na-Krul's Spine	57	90	
779	Deathwind	4	6	
780	Deathwind	23	25	
781	Deathwind	41	46	
782	Deathwind	51	79	
783	Oni no Ona	1	1	
784	Oni no Ona	19	22	
785	Oni no Ona	40	44	
786	Oni no Ona	50	80	
787	Astrogha's Eye	5	7	
788	Astrogha's Eye	22	26	
789	Astrogha's Eye	40	46	
790	Astrogha's Eye	49	81	
791	Dragonfire	8	10	
792	Dragonfire	25	28	
793	Dragonfire	43	48	
794	Dragonfire	52	84	
795	Death Pit Stake	10	16	
796	Death Pit Stake	29	32	
797	Death Pit Stake	47	52	
798	Death Pit Stake	55	86	
799	Shadowstrike	3	4	
800	Shadowstrike	21	24	
801	Shadowstrike	40	44	
802	Shadowstrike	49	77	
803	Iceshell	6	10	
804	Iceshell	23	27	
805	Iceshell	42	49	
806	Iceshell	50	84	
807	Dragon Tail	10	16	
808	Dragon Tail	27	32	
809	Dragon Tail	44	52	
810	Dragon Tail	52	87	
811	Albrecht's Heirloom	2	4	
812	Albrecht's Heirloom	20	23	
813	Albrecht's Heirloom	37	43	
814	Albrecht's Heirloom	46	77	
815	The War Cloak	1	1	
816	The War Cloak	18	20	
817	The War Cloak	35	41	
818	The War Cloak	44	73	
819	Cane of Juris Khan	1	1	
820	Cane of Juris Khan	19	21	
821	Cane of Juris Khan	39	43	
822	Cane of Juris Khan	50	79	
823	Thorn Branch	12	19	
824	Thorn Branch	31	34	
825	Thorn Branch	49	54	
826	Thorn Branch	58	90	
827	Herald of Skartara	11	18	
828	Herald of Skartara	30	33	
829	Herald of Skartara	48	53	
830	Herald of Skartara	57	90	
831	Embershot	11	18	
832	Embershot	30	33	
833	Embershot	48	53	
834	Embershot	57	90	
835	Sharkbaiter	4	6	
836	Sharkbaiter	21	25	
837	Sharkbaiter	39	45	
838	Sharkbaiter	47	79	
839	Oreichalcos	4	6	
840	Oreichalcos	21	25	
841	Oreichalcos	39	46	
842	Oreichalcos	48	80	
843	Wardance	4	6	
844	Wardance	22	25	
845	Wardance	41	45	
846	Wardance	50	79	
847	Lunarsong	3	4	
848	Lunarsong	21	23	
849	Lunarsong	40	44	
850	Lunarsong	49	77	
851	Moonwrap	1	1	
852	Moonwrap	17	20	
853	Moonwrap	35	41	
854	Moonwrap	43	72	
855	Robe of Leaves	4	6	
856	Robe of Leaves	21	25	
857	Robe of Leaves	39	45	
858	Robe of Leaves	47	79	
859	Sunbearer	1	1	
860	Sunbearer	18	20	
861	Sunbearer	37	41	
862	Sunbearer	46	72	
863	Al Nath	2	4	
864	Al Nath	20	22	
865	Al Nath	39	43	
866	Al Nath	48	76	
867	Circuit Breaker	12	18	
868	Circuit Breaker	30	34	
869	Circuit Breaker	49	54	
870	Circuit Breaker	57	90	
871	Bonefiend	6	9	
872	Bonefiend	24	27	
873	Bonefiend	43	47	
874	Bonefiend	52	82	
875	Vipercast	6	9	
876	Vipercast	25	27	
877	Vipercast	43	47	
878	Vipercast	53	83	
879	Chargebreaker	12	17	
880	Chargebreaker	30	32	
881	Chargebreaker	47	53	
882	Chargebreaker	56	90	
883	Buriza-Do Tsuru	5	8	
884	Buriza-Do Tsuru	24	27	
885	Buriza-Do Tsuru	42	46	
886	Buriza-Do Tsuru	52	82	
887	The Rift Bow	1	1	
888	The Rift Bow	17	19	
889	The Rift Bow	36	39	
890	The Rift Bow	45	71	
891	Icepick	5	7	
892	Icepick	23	26	
893	Icepick	42	46	
894	Icepick	51	80	
895	Demoncall	1	1	
896	Demoncall	17	19	
897	Demoncall	36	39	
898	Demoncall	45	71	
899	Grim Fang	1	1	
900	Grim Fang	19	21	
901	Grim Fang	37	41	
902	Grim Fang	46	73	
903	Webspinner	8	12	
904	Webspinner	28	31	
905	Webspinner	47	52	
906	Webspinner	54	85	
907	Topspin	3	4	
908	Topspin	20	23	
909	Topspin	37	43	
910	Topspin	47	78	
911	Destroying Angel	2	4	
912	Destroying Angel	20	23	
913	Destroying Angel	37	43	
914	Destroying Angel	46	77	
915	Narlant Dream	4	7	
916	Narlant Dream	23	25	
917	Narlant Dream	42	46	
918	Narlant Dream	50	79	
919	Titan's Burden	11	18	
920	Titan's Burden	29	33	
921	Titan's Burden	47	54	
922	Titan's Burden	55	90	
923	The Aggressor	5	7	
924	The Aggressor	23	25	
925	The Aggressor	42	46	
926	The Aggressor	51	80	
927	Ravenbeak	1	1	
928	Ravenbeak	18	20	
929	Ravenbeak	36	40	
930	Ravenbeak	46	72	
931	Fangspear	7	10	
932	Fangspear	25	28	
933	Fangspear	44	48	
934	Fangspear	53	83	
935	Greiz' Slapjack	3	5	
936	Greiz' Slapjack	21	24	
937	Greiz' Slapjack	40	44	
938	Greiz' Slapjack	49	78	
939	Cloudladder	7	12	
940	Cloudladder	24	29	
941	Cloudladder	42	49	
942	Cloudladder	51	84	
943	Compass of Souls	11	16	
944	Compass of Souls	30	34	
945	Compass of Souls	51	57	
946	Compass of Souls	59	90	
947	Grimspirit	10	17	
948	Grimspirit	28	32	
949	Grimspirit	46	53	
950	Grimspirit	54	90	
951	Jitan's Kamon	6	10	
952	Jitan's Kamon	23	27	
953	Jitan's Kamon	41	48	
954	Jitan's Kamon	49	82	
955	Flowerspring	6	10	
956	Flowerspring	25	27	
957	Flowerspring	43	48	
958	Flowerspring	52	83	
959	Starkiller	9	13	
960	Starkiller	29	32	
961	Starkiller	48	53	
962	Starkiller	55	86	
963	Carmen Arvale	3	6	
964	Carmen Arvale	21	25	
965	Carmen Arvale	38	45	
966	Carmen Arvale	47	78	
967	Grail of Tears	2	4	
968	Grail of Tears	20	23	
969	Grail of Tears	37	43	
970	Grail of Tears	46	77	
971	The Angiris Pike	11	17	
972	The Angiris Pike	31	35	
973	The Angiris Pike	51	57	
974	The Angiris Pike	60	90	
975	Sterrenvogel	1	1	
976	Sterrenvogel	17	39	
977	Sterrenvogel	36	68	
978	Sterrenvogel	45	80	
979	Death Touch	1	1	
980	Death Touch	18	20	
981	Death Touch	36	40	
982	Death Touch	45	72	
983	Dwaallicht	10	16	
984	Dwaallicht	29	32	
985	Dwaallicht	47	53	
986	Dwaallicht	55	86	
987	Auriel's Halo	8	13	
988	Auriel's Halo	25	29	
989	Auriel's Halo	43	50	
990	Auriel's Halo	51	85	
991	Black Sheep Wall	6	10	
992	Black Sheep Wall	24	27	
993	Black Sheep Wall	41	48	
994	Black Sheep Wall	50	82	
995	The Ivory Tower	7	12	
996	The Ivory Tower	25	29	
997	The Ivory Tower	42	50	
998	The Ivory Tower	51	85	
999	Corpsefling	12	19	
1000	Corpsefling	31	34	
1001	Corpsefling	49	54	
1002	Corpsefling	58	90	
1003	Sea Summoner	3	4	
1004	Sea Summoner	21	24	
1005	Sea Summoner	40	44	
1006	Sea Summoner	49	77	
1007	The Overlord	1	1	
1008	The Overlord	19	20	
1009	The Overlord	37	41	
1010	The Overlord	46	73	
1011	Darkflesh	5	9	
1012	Darkflesh	23	27	
1013	Darkflesh	40	47	
1014	Darkflesh	49	82	
1015	Bergkaiser	7	12	
1016	Bergkaiser	27	31	
1017	Bergkaiser	48	53	
1018	Bergkaiser	58	90	
1019	Salamander's Breath	9	13	
1020	Salamander's Breath	29	32	
1021	Salamander's Breath	48	53	
1022	Salamander's Breath	55	86	
1023	The Compensator	1	1	
1024	The Compensator	18	20	
1025	The Compensator	37	41	
1026	The Compensator	46	73	
1027	Rainbowcleave	11	17	
1028	Rainbowcleave	29	32	
1029	Rainbowcleave	48	53	
1030	Rainbowcleave	55	87	
1031	Archon's Wrath	5	8	
1032	Archon's Wrath	24	26	
1033	Archon's Wrath	42	47	
1034	Archon's Wrath	51	81	
1035	Dreamswayer	7	12	
1036	Dreamswayer	26	29	
1037	Dreamswayer	44	49	
1038	Dreamswayer	54	85	
1039	Staff of Roses	10	16	
1040	Staff of Roses	29	32	
1041	Staff of Roses	47	52	
1042	Staff of Roses	54	86	
1043	Lachdanan's Avenger	12	18	
1044	Lachdanan's Avenger	30	34	
1045	Lachdanan's Avenger	49	54	
1046	Lachdanan's Avenger	57	90	
1047	The Warped Blade	12	19	
1048	The Warped Blade	33	36	
1049	The Warped Blade	52	58	
1050	The Warped Blade	62	90	
1051	Big Bad	3	4	
1052	Big Bad	20	23	
1053	Big Bad	37	43	
1054	Big Bad	47	78	
1055	Spellgrip	2	4	
1056	Spellgrip	20	22	
1057	Spellgrip	39	43	
1058	Spellgrip	48	76	
1059	Drake Cigar	3	5	
1060	Drake Cigar	21	24	
1061	Drake Cigar	40	44	
1062	Drake Cigar	49	78	
1063	Shadowchild	4	6	
1064	Shadowchild	21	25	
1065	Shadowchild	39	46	
1066	Shadowchild	48	80	
1067	Relic	75	1	
1068	Relic	75	1	
1069	Relic	75	1	
1070	Relic	75	1	
1071	Relic	75	1	
1072	Relic	75	1	
1073	Relic	75	1	
1074	Relic	75	1	
1075	Relic	75	1	
1076	Relic	75	1	
1077	Relic	75	1	
1078	Relic	75	1	
1079	Relic	75	1	
1080	Relic	75	1	
1081	Relic	75	1	
1082	Relic	75	1	
1083	Relic	75	1	
1084	Relic	75	1	
1085	Relic	75	1	
1086	Relic	75	1	
1087	Relic	75	1	
1088	Relic	75	1	
1089	Relic	75	1	
1090	Relic	75	1	
1091	Relic	75	1	
1092	Relic	75	1	
1093	Relic	75	1	
1094	Relic	75	1	
1095	Relic	75	1	
1096	Relic	75	1	
1097	Relic	75	1	
1098	Relic	75	1	
1099	Relic	75	1	
1100	Relic	75	1	
1101	Relic	75	1	
1102	Relic	75	1	
1103	Relic	75	1	
1104	Relic	75	1	
1105	Relic	75	1	
1106	Relic	75	1	
1107	Relic	75	1	
1108	Relic	75	1	
1109	Relic	75	1	
1110	Relic	75	1	
1111	Relic	75	1	
1112	Relic	75	1	
1113	Relic	75	1	
1114	Relic	75	1	
1115	Relic	75	1	
1116	Relic	75	1	
1117	Relic	75	1	
1118	Relic	75	1	
1119	Relic	75	1	
1120	Relic	75	1	
1121	Relic	75	1	
1122	Relic	75	1	
1123	Relic	75	1	
1124	Relic	75	1	
1125	Relic	75	1	
1126	Relic	75	1	
1127	Relic	75	1	
1128	Relic	75	1	
1129	Relic	75	1	
1130	Relic	75	1	
1131	Relic	75	1	
1132	Relic	75	1	
1133	Relic	75	1	
1134	Relic	75	1	
1135	Relic	75	1	
1136	Relic	75	1	
1137	Relic	75	1	
1138	Relic	75	1	
1139	Relic	75	1	
1140	Relic	75	1	
1141	Relic	75	1	
1142	Relic	75	1	
1143	Relic	75	1	
1144	Relic	75	1	
1145	Relic	75	1	
1146	Relic	75	1	
1147	Relic	75	1	
1148	Relic	75	1	
1149	Relic	75	1	
1150	Relic	75	1	
1151	Relic	75	1	
1152	Relic	75	1	
1153	Relic	75	1	
1154	Relic	75	1	
1155	Relic	75	1	
1156	Relic	75	1	
1157	Relic	75	1	
1158	Relic	75	1	
1159	Relic	75	1	
1160	Relic	75	1	
1161	Relic	75	1	
1162	Relic	75	1	
1163	Relic	75	1	
1164	Relic	75	1	
1165	Relic	75	1	
1166	Relic	75	1	
1167	Relic	75	1	
1168	Relic	75	1	
1169	Relic	75	1	
1170	Relic	75	1	
1171	Relic	75	1	
1172	Relic	75	1	
1173	Relic	75	1	
1174	Relic	75	1	
1175	Relic	75	1	
1176	Relic	75	1	
1177	Relic	75	1	
1178	Relic	75	1	
1179	Relic	75	1	
1180	Relic	75	1	
1181	Relic	75	1	
1182	Relic	75	1	
1183	Relic	75	1	
1184	Relic	75	1	
1185	Relic	75	1	
1186	Relic	75	1	
1187	Relic	75	1	
1188	Relic	75	1	
1189	Relic	75	1	
1190	Relic	75	1	
1191	Relic	75	1	
1192	Relic	75	1	
1193	Relic	75	1	
1194	Relic	75	1	
1195	Relic	75	1	
1196	Relic	75	1	
1197	Relic	75	1	
1198	Relic	75	1	
1199	Relic	75	1	
1200	Relic	75	1	
1201	Relic	75	1	
1202	Relic	75	1	
1203	Relic	75	1	
1204	Relic	75	1	
1205	Relic	75	1	
1206	Relic	75	1	
1207	Relic	75	1	
1208	Relic	75	1	
1209	Relic	75	1	
1210	Relic	75	1	
1211	Relic	75	1	
1212	Relic	75	1	
1213	Relic	75	1	
1214	Relic	75	1	
1215	Relic	75	1	
1216	Relic	75	1	
1217	Relic	75	1	
1218	Relic	75	1	
1219	Relic	75	1	
1220	Relic	75	1	
1221	Relic	75	1	
1222	Relic	75	1	
1223	Relic	75	1	
1224	Relic	75	1	
1225	Relic	75	1	
1226	Relic	75	1	
1227	Relic	75	1	
1228	Relic	75	1	
1229	Relic	75	1	
1230	Relic	75	1	
1231	Relic	75	1	
1232	Relic	75	1	
1233	Relic	75	1	
1234	Relic	75	1	
1235	Relic	75	1	
1236	Relic	75	1	
1237	Relic	75	1	
1238	Relic	75	1	
1239	Relic	75	1	
1240	Relic	75	1	
1241	Relic	75	1	
1242	Relic	75	1	
1243	Relic	75	1	
1244	Relic	75	1	
1245	Relic	75	1	
1246	Relic	75	1	
1247	Relic	75	1	
1248	Relic	75	1	
1249	Relic	75	1	
1250	Relic	75	1	
1251	Relic	75	1	
1252	Relic	75	1	
1253	Relic	75	1	
1254	Relic	75	1	
1255	Relic	75	1	
1256	Relic	75	1	
1257	Relic	75	1	
1258	Relic	75	1	
1259	Relic	75	1	
1260	Relic	75	1	
1261	Relic	75	1	
1262	Relic	75	1	
1263	Relic	75	1	
1264	Relic	75	1	
1265	Relic	75	1	
1266	Relic	0	0	
1267	Relic	0	0	
1268	Relic	0	0	
1269	Relic	0	0	
1270	Relic	0	0	
1271	Relic	0	0	
1272	Relic	0	0	
1273	Relic	0	0	
1274	Relic	0	0	
1275	Relic	0	0	
1276	Relic	0	0	
1277	Relic	0	0	
1278	Relic	0	0	
1279	Relic	0	0	
1280	Relic	0	0	
1281	Relic	0	0	
1282	Relic	0	0	
1283	Relic	0	0	
1284	Relic	0	0	
1285	Relic	0	0	
1286	Relic	0	0	
1287	Relic	0	0	
1288	Relic	0	0	
1289	Relic	0	0	
1290	Relic	0	0	
1291	Relic	0	0	
1292	Relic	0	0	
1293	Relic	0	0	
1294	Relic	0	0	
1295	Relic	0	0	
1296	Relic	0	0	
1297	Relic	0	0	
1298	Relic	0	0	
1299	Relic	0	0	
1300	Relic	0	0	
1301	Relic	0	0	
1302	Relic	0	0	
1303	Relic	0	0	
1304	Relic	0	0	
1305	Relic	0	0	
1306	Relic	0	0	
1307	Relic	0	0	
1308	Relic	0	0	
1309	Relic	0	0	
1310	Relic	0	0	
1311	Relic	0	0	
1312	Relic	0	0	
1313	Relic	0	0	
1314	Relic	0	0	
1315	Relic	0	0	
1316	Relic	0	0	
1317	Relic	0	0	
1318	Relic	0	0	
1319	Relic	0	0	
1320	Relic	0	0	
1321	Relic	0	0	
1322	Relic	0	0	
1323	Relic	0	0	
1324	Relic	0	0	
1325	Relic	0	0	
1326	Relic	0	0	
1327	Relic	0	0	
1328	Relic	0	0	
1329	Relic	0	0	
1330	Relic	0	0	
1331	Relic	0	0	
1332	Relic	0	0	
1333	Relic	0	0	
1334	Relic	0	0	
1335	Relic	0	0	
1336	Relic	0	0	
1337	Relic	0	0	
1338	Relic	0	0	
1339	Relic	0	0	
1340	Relic	0	0	
1341	Relic	0	0	
1342	Relic	0	0	
1343	Relic	0	0	
1344	Relic	0	0	
1345	Relic	0	0	
1346	Relic	0	0	
1347	Relic	0	0	
1348	Relic	0	0	
1349	Relic	0	0	
1350	Relic	0	0	
1351	Relic	0	0	
1352	Relic	0	0	
1353	Relic	0	0	
1354	Relic	0	0	
1355	Relic	0	0	
1356	Relic	0	0	
1357	Relic	0	0	
1358	Relic	0	0	
1359	Relic	0	0	
1360	Relic	0	0	
1361	Relic	0	0	
1362	Relic	0	0	
1363	Relic	0	0	
1364	Relic	0	0	
1365	Relic	0	0	
1366	Relic	0	0	
1367	Relic	0	0	
1368	Relic	0	0	
1369	Relic	0	0	
1370	Relic	0	0	
1371	Relic	0	0	
1372	Relic	0	0	
1373	Relic	0	0	
1374	Relic	0	0	
1375	Relic	0	0	
1376	Relic	0	0	
1377	Relic	0	0	
1378	Relic	0	0	
1379	Relic	0	0	
1380	Relic	0	0	
1381	Relic	0	0	
1382	Relic	0	0	
1383	Relic	0	0	
1384	Relic	0	0	
1385	Relic	0	0	
1386	Relic	0	0	
1387	Relic	0	0	
1388	Relic	0	0	
1389	Relic	0	0	
1390	Relic	0	0	
1391	Relic	0	0	
1392	Relic	0	0	
1393	Relic	0	0	
1394	Relic	0	0	
1395	Relic	0	0	
1396	Relic	0	0	
1397	Astreon's Citadel	100	105	
1398	Herald of Zakarum	100	120	
1399	Silks of the Victor	100	105	
1400	Khazra Plate	100	120	
1401	Tyrael's Might	130	130	tyrmight
1402	Herald of Pestilence	100	120	
1403	The Angiris Star	100	120	
1404	Forest Defender	100	105	
1405	Greenwalker's Charge	100	120	
1406	The Doom Gong of Xiansai	100	105	
1407	Eagle Eye	80	105	
1408	Boarfrost	100	120	
1409	Vision of the Furies	100	105	
1410	Danmaku	100	120	
1411	Bul Kathos' Temper	100	105	
1412	Lilith's Legion	100	120	
1413	Talic the Unwilling	100	105	
1414	Berserrker	100	120	
1415	Griefbringer	100	105	
1416	Ophiophagus	120	120	
1417	Buzzbomb	100	105	
1418	Penumbra	100	120	
1419	Zann Prodigy	100	105	
1420	Lachdanan's Visage	100	120	
1421	Tylwulf's Betrayal	100	105	
1422	Shadowfang	100	120	inv2hsu
1423	Hephasto's Reaver	60	105	
1424	Xorine's Cane	100	105	
1425	Absolute Zero	100	120	
1426	Ashaera's Armor	100	105	
1427	Dementia	100	120	
1428	Hivemind	100	105	
1429	Veil of the Tainted Sun	100	120	
1430	Plunderbird	100	105	
1431	Strixclaw	120	125	invstrixclaw
1432	Banner of Bitter Winds	100	105	
1433	Zayl's Temptation	100	120	
1434	Gaze of the Dead	120	105	
1435	Black Masquerade	80	120	
1436	Rainbow Fury	100	105	
1437	The Collector	110	120	
1438	Storm Focus	100	105	
1439	Malevolence	100	120	
1440	The Pyre	100	105	
1441	Mad King's Spine	100	120	
1442	Reaper's Hand	100	105	
1443	Soul Reaver	120	120	
1444	Clockwork Slippers	80	105	
1445	Aeterna	100	105	
1446	Sarandeshi Hellcaller	100	120	
1447	Esubane	100	105	
1448	Giyua's Grace	100	120	
1449	Rodeo's Hide	100	105	
1450	Pawnstorm	100	120	
1451	Khazra Pouch	90	105	
1452	Tinker's Gambit	100	120	
1453	Endless Pride	120	130	
1454	Armor of the Old Religion	100	105	
1455	Atanna Khan's Dress	100	120	
1456	Lionblood Crest	100	105	
1457	Rainbow Maiden	100	120	
1458	Twin Terrors	100	105	
1459	Sagittarius	100	120	
1460	Shrill Sacrament	100	105	
1461	Angel's Wrath	100	120	
1462	Dacana's Fist	100	105	
1463	Facebreaker	100	120	
1464	Hepsheeba's Mantle	100	105	
1465	Hide of the Basilisk	100	120	
1466	Eyes of Septumos	80	105	
1467	Dark Pact	100	120	
1468	Unveiling Eye	130	130	invsoulseek
1469	Gravetalon	100	105	
1470	Atanna's Key	100	120	
1471	Implement V.II	120	105	
1472	Mind Rake	100	120	
1473	Durandal the Blazing Sword	100	105	
1474	Malus Domestica	100	105	
1475	Gjallarhorn	100	105	
1476	Signal Fire	100	120	
1477	Gromotvod	100	105	
1478	Soulsplitter	100	120	
1479	Aidan's Lament	100	105	
1480	Undead Crown	110	120	UndeadCrown
1481	Ignis Demonia	100	105	
1482	Angelhost	100	120	
1483	Shadowsabre	100	105	
1484	Cold Blood	100	120	
1485	Azurewrath	100	130	invcrsu
1486	Bone Scalpel	100	105	
1487	Wizardspike	100	120	
1488	Hwanin's Hwacha	100	105	
1489	Advent of Hatred	100	120	
1490	Sinwar	100	105	
1491	Back To The Abyss	100	120	invbackabyss
1492	Crown of the Black Rose	110	105	
1493	Griffon's Eye	100	120	
1494	Leah's Vision	100	105	
1495	Galeona's Lash	100	120	
1496	Habacalva's Legacy	100	105	
1497	Holy Wars	100	120	
1498	Crown of Arnazeus	100	105	
1499	Deviant Crown	60	120	
1500	Phoenix Beak	100	105	
1501	Sky Spirit	100	120	
1502	Shadowtwin	100	105	
1503	Warmonger	100	120	
1504	Icetomb	100	105	
1505	Segnitia	100	120	
1506	Stormpick	100	120	
1507	Fire Hydra	100	130	invqf2
1508	Blacktongue	100	105	
1509	Carsomyr	100	120	
1510	Hanfod Tan	100	105	
1511	The Biting Frost	100	120	flammeen
1512	The Searing Heat	100	120	flammeen
1513	Warshrike	100	105	
1514	Piranha Swarm	100	120	
1515	Shiverhood	100	105	
1516	Reapers	100	120	
1517	Robe of Steel	100	105	
1518	Goetia Plate	100	120	
1519	Пробуждение	130	130	invawaken
1520	The Ritualist	100	105	
1521	Cloak of the Outcast	100	120	
1522	Grim Silhouette	100	105	
1523	The Sentinel's Sorrow	100	120	
1524	Hammerfist	100	105	
1525	Lamha Na Draoithe	100	120	
1526	Qarak's Will	100	105	
1527	Azgar's Crystal	100	130	invbswu
1528	Toraja's Champion	100	105	
1529	The Ancients' Legacy	100	120	
1530	Night's Embrace	100	105	
1531	Moonfang	100	120	
1532	Aerin Nexus	100	105	
1533	Spire of Sarnakyle	100	120	
1534	The Point of No Return	125	130	invhst
1535	Darkfeast	100	105	
1536	Darkfeast	100	105	
1537	Adjudicator	100	120	
1538	Darkfeast	100	105	
1539	Scales of the Serpent	100	105	
1540	Strength Beyond Strength	100	120	
1541	Arrogance	120	130	invarrogance
1542	Shield of Hakan II	100	105	
1543	Madawc Val Narian	100	120	
1544	Dead Lake's Lady	100	105	
1545	The Redeemer	100	120	
1546	Elder Law	100	105	
1547	Gotterdammerung	100	120	
1548	Metalhead	100	105	
1549	Veil of Steel	130	120	
1550	Feltongue	100	105	
1551	The Grandfather	120	120	invgsdu
1552	Rodeo's Tramplers	100	105	
1553	Knight's Grace	100	120	greavessu3
1554	King's Desire	100	105	
1555	Smokeless Fire	100	120	invwndur
1556	Zular Khan's Tempest	100	105	
1557	Black Ice	70	120	invvou
1558	Peace Warder	100	105	
1559	Grotesque Bite	100	105	
1560	Headsman	100	120	
1561	Chober Chaber	100	105	
1562	Malleus Maleficarum	100	120	
1563	Razorspine	100	105	
1564	The Petulant	100	120	
1565	Nor Tiraj's Wisdom	100	105	
1566	Black Void	100	120	
1567	Titan's Steps	100	105	
1568	Spirit Walker	100	120	
1569	Ratbane	100	105	
1570	Buriza-Do Kyanon	120	120	invhxbu
1571	Hellmouth	100	105	
1572	Rogue Foresight	100	120	
1573	Argentek's Tide	100	105	
1574	The Last Crusader	120	120	
1575	Dreamflayer	100	105	
1576	The Defiler	100	120	
1577	In Fero Salva	100	105	
1578	Venom Sting	100	120	
1579	Bear Grin	100	105	
1580	Voice of Arreat	100	120	
1581	Barghest's Howl	100	105	
1582	Blessed Wrath	100	120	
1583	Chillstring	100	105	
1584	Etrayu	100	120	
1585	The Pathless	100	105	
1586	Claw of the Spirit Wolf	100	120	
1587	Dervish of Aranoch	100	105	
1588	Adamantine Guard	100	120	
1589	Lightforge	100	105	
1590	Stormflyer	100	120	
1591	Skeld's Battlesong	100	105	
1592	Thunder King of Sescheron	100	120	
1593	Frostneedle	100	105	
1594	Black Razor	100	120	
1595	Yaggai's Sagaris	100	105	
1596	The King of Ents	100	120	
1597	Bartuc's Curse	100	105	
1598	Frozen Heart	100	120	
1599	Blackjade's Legacy	100	105	
1600	Demonic Touch	100	120	
1601	The Endless Loop	100	105	
1602	Lunar Eclipse	100	120	
1603	Blind Anger	100	105	
1604	Lorekeeper	80	120	
1605	Elemental Disciple	80	105	
1606	Auriel's Robe	100	120	
1607	Binding Treads	100	105	
1608	Akarat's Trek	100	120	
1609	Shamanka	100	105	
1610	Staff of Shadows	100	120	
1611	Wintry Majesty	120	130	invmajesty
1612	The Defender	100	105	
1613	Astral Blade	100	120	
1614	Hellreach	100	105	
1615	Windforce	100	120	
1616	Dreamflange	100	105	
1617	Hellrain	100	105	
1618	Titan's Revenge	120	120	
1619	Serenthia's Scorn	100	105	
1620	Panthera's Bite	100	120	
1621	Luminescence	100	105	
1622	Cleaver of Mirrors	100	105	
1623	Zephyr	100	105	
1624	Void-Touched	100	120	voidmaple
1625	Void-Infused	0	140	voidmaple
1626	Karybdus' Descent	100	105	
1627	Shadowfiend	100	120	
1628	The Worshipper	120	130	
1629	Trang-Oul's Breath	100	105	
1630	Idol of Rygnar	100	120	
1631	Viper Mandate	100	105	
1632	Hammer of Jholm	100	120	
1633	The Captain	100	105	
1634	The Colonel	100	120	
1635	Karcheus' Temptation	100	105	
1636	Rakkis' Benediction	100	120	
1637	Firequeen	100	105	
1638	Frysturgard	100	105	
1639	Storm Blade	125	130	
1640	Silver Scorpion	100	105	
1641	Impundulu	100	105	
1642	Crimson Dream	100	120	
1643	The Pride of Caldeum	100	105	
1644	Stormchaser	100	120	
1645	Skin of Kabraxis	100	105	
1646	Wolverine Skin	100	120	
1647	Lilith's Temptation	100	105	invblt
1648	Champion of the Triune	115	120	
1649	Bottled Will-o-Wisp	100	105	
1650	Homunculus	100	120	
1651	Screen of Viz-Jaq'Taar	100	105	
1652	Natalya's Deception	80	120	invqltz
1653	Iron Shard	100	105	
1654	Guardian of Scosglen	100	105	
1655	Mr. Painless	100	120	
1656	Askarbydd	100	105	
1657	Chasmstriker	100	120	
1658	Nihlathak's Bombard	100	105	
1659	Manticore Sting	100	120	
1660	Hratli's Craft	100	105	
1661	Scales of the Drake	100	120	
1662	Orationis Tenebris	100	105	
1663	The Vanquisher	100	120	
1664	Saber of the Stormsail	100	105	
1665	Alnair	100	120	
1666	Saber of the Stormsail	100	150	
1667	Ghostmoon	100	105	
1668	Mistress of Pain	100	120	
1669	Sash of the Frozen Seas	100	105	
1670	Alchemist Apron	100	105	
1671	Flameskin	100	120	
1672	Legion	100	105	
1673	Solar Scion	110	120	
1674	Kraken's Cutlass	100	105	
1675	Sherazade	100	120	
1676	Legio Di Manes	100	105	
1677	Bitter Harvest	100	105	
1678	Freakshow	100	120	
1679	Faerie Pyre	100	105	
1680	Golden Chariot	100	105	
1681	Hammerfall	100	120	
1682	Stormstrike	100	105	
1683	Screaming Serpent	100	105	
1684	Vizjerei Fury	100	120	
1685	Vizjerei's Folly	100	105	
1686	Deckard Cain's Heirloom	100	120	
1687	The Xiphos	60	105	
1688	The Eviscerator	100	120	
1689	Fleshstinger	100	105	
1690	Lacuni Cowl	90	105	
1691	Skull of the Viz-Jaq'taar	100	120	
1692	Witch Drum	100	105	
1693	The Flying Saucer	100	120	
1694	Bane of the Horadrim	100	105	
1695	Glowing Vertigo	100	120	
1696	Helepolis	100	105	
1697	Asgardsreia	100	120	
1698	Kaskara of the Taan	100	105	
1699	Gladiator's Rage	100	120	
1700	Darkspite	80	105	
1701	Stone Guardian	100	105	
1702	Celestial Barrier	100	120	
1703	Mente Scura	100	105	
1704	Heart of Fire	100	120	
1705	Nature's Orphan	100	105	
1706	Ranger's Disguise	100	120	
1707	Candlewake	100	105	
1708	Arkaine's Valor	100	120	
1709	Horned Hunter	100	105	
1710	Athulua's Wrath	100	120	
1711	The Book of Kalen	100	105	invbbb
1712	Mark of the Que-Hegan	100	120	
1713	Black Sun Spear	100	105	
1714	Jaguar's Grasp	100	120	
1715	Lacerator	100	105	
1716	Meshif's Iron Parrot	100	105	
1717	Dark Nemesis	100	120	
1718	Lancea	100	105	
1719	Thrillseeker	100	120	
1720	Royal Circlet	100	105	
1721	Radiance	100	120	
1722	Hexward	100	105	
1723	Eternal Bodyguard	100	120	
1724	Vaetia's Wall	100	105	invtowu
1725	Nymyr's Shadow	100	105	
1726	Stygian Fury	100	120	
1727	Steel Pillar	100	105	
1728	The Retiarius	100	120	
1729	Ord Rekar's Testament	100	105	
1730	Azgar's Mark	100	105	
1731	Eye of the Storm	100	120	
1732	Grim Visor	100	105	
1733	Hand of Rathma	100	125	invmagicwand
1734	Nimmenjuushin	100	105	
1735	Dux Infernum	100	120	
1736	Thunderbane	100	105	
1737	Battlemaiden	100	120	
1738	Spire of Kehjan	100	105	
1739	Valthek's Command	100	120	
1740	Aurumvorax	100	105	
1741	Eternal Vigil	100	120	
1742	Starhawk	100	105	
1743	Steel Punisher	100	120	warpbbl
1744	Coldhunger	100	105	
1745	Dreamweaver	100	105	
1746	Manastorm	100	105	
1747	Daydreamer	130	130	
1748	Dark Guardian	100	105	
1749	Feardrinker	100	120	
1750	Bone Chimes	120	1	
1751	Bone Chimes	120	1	
1752	Bone Chimes	120	1	
1753	Bone Chimes	120	1	
1754	Bone Chimes	120	1	
1755	Bone Chimes	120	1	
1756	Bone Chimes	120	1	
1757	Bone Chimes	120	1	
1758	Bone Chimes	120	1	
1759	Bone Chimes	120	1	
1760	Bone Chimes	120	1	
1761	Bone Chimes	120	1	
