#index	item	rlvl	image
0	Amulet of the Viper	0	
1	Staff of Kings	0	
2	Horadric Staff	15	
3	Hell Forge Hammer	20	
4	Khalim's Flail	15	
5	Khalim's Will	20	
6	Golden Cycle	0	invch7
7	\gold;I Am Rich	0	
8	''The Worst Beta I've Been In''	1	
9	\gold;Sunstone of the Twin Seas	50	
10	(Druid Challenge Item)\nCaoi Dulra Fruit	90	
11	(Sorceress Challenge Item)\nNexus Crystal	90	
12	(Paladin Challenge Item)\nEye of Divinity	90	
13	(Amazon Challenge Item)\nSacred Sunstone	90	
14	(Assassin Challenge Item)\nShadow Vortex	90	
15	(Necromancer Challenge Item)\nSoulstone Shard	90	
16	(Barbarian Challenge Item)\nWorldstone Orb	90	
17	Corrupted Wormhole	100	
18	The Butcher's Tooth	105	
19	Laser Focus Crystal	105	
20	\gold;Six Angel Bag	105	
21	Optical Detector	105	
22	Visions of Akarat	110	akaratbook
23	Horazon's Focus	110	
24	Sacred Worldstone Key	110	
25	Scroll of Kings	110	
26	By Richard Knaak\nMoon of the Spider	110	
27	Azmodan's Heart	115	
28	Moo moo moo Moooo! Moo!\nFool's Gold	115	
29	Spirit Trance Herb	115	
30	Hammer of the Taan Judges	115	
31	Idol of Vanity	115	
32	By Richard Knaak\nLegacy of Blood	115	
33	Sunstone of the Gods	115	
34	The Black Road	115	
35	Zakarum's Ear	115	
36	Spirit of Creation	120	
37	\grey;Quest Item\n\gold;Tome of Possession	120	
38	Eternal Bone Pile	120	
39	Soul of Kabraxis	120	
40	Silver Seal of Ureh	120	
41	Umbaru Treasure	120	
42	By Robert Marks\nDemonsbane	120	demonsbaneZ
43	Weather Control	120	
44	Crystalline Flame Medallion	120	
45	The Ancient Repositories	125	
46	Xazax's Illusion	125	
47	Cold Fusion Schematics	125	coldfusion
48	Dragon Claw	125	
49	Lylia's Curse	125	
50	The Book of Lies	125	
51	The Sleep	125	
52	Astrogha's Venom Stinger	125	
53	The Glorious Book of Median	130	bookoflaz
54	Dimensional Key	130	
55	Books of Kalan	130	
56	\gold;Neutrality Pact	130	
57	Vial of Elder Blood	135	
58	'The Last Man Standing'\nEvent Award:	0	
59	ghist way	0	
60	ghist way	0	
61	ghist way	0	
62	ghist way	0	
63	ghist way	0	
64	ghist way	0	
65	ghist way	0	
66	ghist way	0	
67	ghist way	0	
68	ghist way	0	
69	Akara's Robe	10	invxtuu
70	Akara's Robe	50	invxtuu
71	Akara's Robe	80	invxtuu
72	Staff of Herding	33	invherding
73	\grey;Item Design\n\gold;Staff of Herding	33	book03
74	Valkyrie's Prime	110	
75	\grey;Item Design\n\gold;Valkyrie's Prime	110	
76	Assur's Bane	100	Ring08
77	Ring of the Five	100	Ring08
78	Celestial Sigil	125	invamu
79	Desolation	125	
80	Despondence	125	
81	Maleficence	125	
82	Vial of Elder Blood	135	
83	Celestial Sigil	125	invamu
84	Desolation	125	
85	Despondence	125	
86	Maleficence	125	
87	Quest Ring\nRing of Virtue	130	invrinquest
88	\gold;Ring of Pride	0	invrinquest
89	Cube Reagent\n\gold;Book of Cain	0	
90	\grey;Item Design\n\gold;Book of Cain	0	
91	ghist way	0	
92	ghist way	0	
93	ghist way	0	
94	ghist way	0	
95	ghist way	0	
96	ghist way	0	
97	ghist way	0	
98	ghist way	0	
99	ghist way	0	
100	ghist way	0	
101	ghist way	0	
102	ghist way	0	
103	ghist way	0	
104	ghist way	0	
105	ghist way	0	
106	ghist way	0	
107	ghist way	0	
108	ghist way	0	
109	ghist way	0	
110	ghist way	0	
111	ghist way	0	
112	ghist way	0	
113	ghist way	0	
114	ghist way	0	
115	ghist way	0	
116	ghist way	0	
117	ghist way	0	
118	ghist way	0	
119	Hangman	1	
120	Fren Slairea	30	
121	Scarab of Death	40	
122	Angel Heart	40	
123	Athulua's Oracle	60	
124	The Dreamcatcher	80	
125	Felblood	10	
126	Teganze Pendant	60	
127	Witchmoon	100	
128	Niradyahk	80	
129	Locket of Dreams	100	
130	The Tesseract	100	
131	Vizjerei's Necklace	100	
132	Black Dwarf	110	
133	Klaatu Barada Nikto	110	
134	Death Ward	110	
135	Dyers Eve	100	
136	Jerhyn's Tawiz	0	
137	Gallowlaugh	110	
138	Quov Tsin's Talisman	110	superammy
139	Beads of the Snake Queen	100	
140	In For The Kill	100	
141	Lamen of the Archbishop	110	
142	Khanduran Royal Pendant	100	
143	Locust Hive	5	
144	Cindercone	40	
145	Bag of Tricks	100	
146	Hanabigami	60	
147	Kingsport's Signals	110	
148	Plague Gland	5	
149	Larzuk's Bandolier	40	
150	Lammergeier	100	
151	The Tranquilizer	60	
152	Devil's Dance	100	
153	The Boulder	1	
154	Storm Shard	20	
155	Demonstone Blood	40	
156	Farsight Globe	40	
157	Asheara's Cateye	100	
158	Heavenstone	100	
159	Katamari	30	
160	Xepera Xeper Xeperu	110	
161	Zakarum Stoning Rock	60	
162	Zann Esu's Stone	100	
163	Zann Esu's Stone	100	
164	Zann Esu's Stone	100	
165	Zann Esu's Stone	100	
166	Wishmaster	0	
167	Inarius' Rock	100	
168	Suicide Note	100	
169	Arkenstone	100	
170	Atomus	120	
171	Jewel of Luck	125	
172	Ring of Regha	0	
173	Ring of Disengagement	1	
174	Ring of Truth	20	
175	Ripstar	60	
176	Xorine's Ring	80	
177	Earth Rouser	100	
178	Empyrean Band	40	
179	The Seal of Kharos	60	
180	Ras Algethi	100	
181	Sigil of Tur Dulra	100	
182	Der Nebelring	110	
183	Bloodbond	50	
184	Seal of the Nephalem Kings	100	
185	Giant's Knuckle	100	
186	Witchcraft	100	
187	Ouroboros	110	
188	Myokai's Path	30	
189	Empyrean Glory	50	
190	Bad Mood	100	
191	Elemental Band	100	
192	Adrenaline Rush	100	
193	Black Hand Sigil	100	BlackHandSigil
194	Signet of the Gladiator	100	BlackHandSigil
195	Catechumen	7	
196	Catechumen	25	
197	Catechumen	42	
198	Catechumen	51	
199	Queen of Glass	11	
200	Queen of Glass	30	
201	Queen of Glass	47	
202	Queen of Glass	54	
203	Vindicatress	8	
204	Vindicatress	26	
205	Vindicatress	45	
206	Vindicatress	54	
207	Nymph's Grace	6	
208	Nymph's Grace	23	
209	Nymph's Grace	41	
210	Nymph's Grace	49	
211	Bathos	6	
212	Bathos	24	
213	Bathos	41	
214	Bathos	50	
215	Thunderdome	8	
216	Thunderdome	25	
217	Thunderdome	43	
218	Thunderdome	51	
219	The Sightless Eye	1	
220	The Sightless Eye	19	
221	The Sightless Eye	36	
222	The Sightless Eye	45	
223	Spirit Teacher's Headdress	10	
224	Spirit Teacher's Headdress	28	
225	Spirit Teacher's Headdress	46	
226	Spirit Teacher's Headdress	54	
227	The Lumberjack	3	
228	The Lumberjack	22	
229	The Lumberjack	40	
230	The Lumberjack	49	
231	Wolfpack	6	
232	Wolfpack	25	
233	Wolfpack	43	
234	Wolfpack	53	
235	Rockshatter	6	
236	Rockshatter	24	
237	Rockshatter	43	
238	Rockshatter	53	
239	Ironsleet	7	
240	Ironsleet	26	
241	Ironsleet	44	
242	Ironsleet	54	
243	Wisdom's Wrap	12	
244	Wisdom's Wrap	29	
245	Wisdom's Wrap	47	
246	Wisdom's Wrap	55	
247	Addertongue	6	
248	Addertongue	24	
249	Addertongue	43	
250	Addertongue	52	
251	Skullhammer	5	
252	Skullhammer	24	
253	Skullhammer	42	
254	Skullhammer	51	
255	The Covenant	6	
256	The Covenant	25	
257	The Covenant	43	
258	The Covenant	52	
259	Aerin Orbiter	5	
260	Aerin Orbiter	22	
261	Aerin Orbiter	40	
262	Aerin Orbiter	48	
263	Skull Lord	6	
264	Skull Lord	24	
265	Skull Lord	41	
266	Skull Lord	50	
267	Clawscratch	10	
268	Clawscratch	28	
269	Clawscratch	47	
270	Clawscratch	54	
271	Arihan's End	11	
272	Arihan's End	29	
273	Arihan's End	49	
274	Arihan's End	57	
275	Leoric's Legion	8	
276	Leoric's Legion	25	
277	Leoric's Legion	43	
278	Leoric's Legion	52	
279	Stillwater	10	
280	Stillwater	27	
281	Stillwater	45	
282	Stillwater	54	
283	The Wailing Wall	5	
284	The Wailing Wall	23	
285	The Wailing Wall	40	
286	The Wailing Wall	49	
287	Fateweaver	5	
288	Fateweaver	23	
289	Fateweaver	42	
290	Fateweaver	51	
291	Auto Da Fe	4	
292	Auto Da Fe	22	
293	Auto Da Fe	41	
294	Auto Da Fe	50	
295	Talon's Reach	6	
296	Talon's Reach	26	
297	Talon's Reach	47	
298	Talon's Reach	57	
299	Rabbit's Foot	1	
300	Rabbit's Foot	17	
301	Rabbit's Foot	34	
302	Rabbit's Foot	43	
303	Shieldcracker	5	
304	Shieldcracker	23	
305	Shieldcracker	42	
306	Shieldcracker	51	
307	Werecat	5	
308	Werecat	23	
309	Werecat	40	
310	Werecat	50	
311	Jackal's Hunger	3	
312	Jackal's Hunger	22	
313	Jackal's Hunger	40	
314	Jackal's Hunger	49	
315	Raptor Beak	6	
316	Raptor Beak	25	
317	Raptor Beak	44	
318	Raptor Beak	53	
319	The Breaking Wheel	7	
320	The Breaking Wheel	24	
321	The Breaking Wheel	42	
322	The Breaking Wheel	51	
323	Uldyssian's Legion	9	
324	Uldyssian's Legion	27	
325	Uldyssian's Legion	46	
326	Uldyssian's Legion	55	
327	Razordisk	1	
328	Razordisk	17	
329	Razordisk	35	
330	Razordisk	43	
331	Golden Fleece	3	
332	Golden Fleece	21	
333	Golden Fleece	38	
334	Golden Fleece	47	
335	The Jester	1	invjester
336	The Jester	17	invjester
337	The Jester	35	invjester
338	The Jester	44	invjester
339	Wedding Dress of the Zann	12	
340	Wedding Dress of the Zann	31	
341	Wedding Dress of the Zann	48	
342	Wedding Dress of the Zann	55	
343	Snakehair	5	
344	Snakehair	23	
345	Snakehair	40	
346	Snakehair	49	
347	Hellfeast	5	
348	Hellfeast	24	
349	Hellfeast	42	
350	Hellfeast	52	
351	Lionpaw	4	
352	Lionpaw	22	
353	Lionpaw	39	
354	Lionpaw	48	
355	Featherclaw	5	
356	Featherclaw	22	
357	Featherclaw	40	
358	Featherclaw	48	
359	Albrecht's Revenge	4	
360	Albrecht's Revenge	22	
361	Albrecht's Revenge	39	
362	Albrecht's Revenge	49	
363	The Celestial Crown	4	
364	The Celestial Crown	22	
365	The Celestial Crown	39	
366	The Celestial Crown	48	
367	Thunderball	6	
368	Thunderball	25	
369	Thunderball	43	
370	Thunderball	52	
371	Gold Digger	6	
372	Gold Digger	25	
373	Gold Digger	44	
374	Gold Digger	53	
375	Jared's Fragmentor	2	
376	Jared's Fragmentor	21	
377	Jared's Fragmentor	39	
378	Jared's Fragmentor	50	
379	Gnarled Root	1	
380	Gnarled Root	18	
381	Gnarled Root	37	
382	Gnarled Root	46	
383	Soulraider	4	
384	Soulraider	23	
385	Soulraider	41	
386	Soulraider	50	
387	Sagespirit	5	
388	Sagespirit	24	
389	Sagespirit	42	
390	Sagespirit	51	
391	The Allseeing Eye	6	
392	The Allseeing Eye	23	
393	The Allseeing Eye	41	
394	The Allseeing Eye	49	
395	The Barracuda	5	
396	The Barracuda	24	
397	The Barracuda	42	
398	The Barracuda	52	
399	Glowskull	10	
400	Glowskull	28	
401	Glowskull	46	
402	Glowskull	54	
403	Shadowmoon	10	
404	Shadowmoon	28	
405	Shadowmoon	45	
406	Shadowmoon	54	
407	Iceflayer	11	
408	Iceflayer	30	
409	Iceflayer	48	
410	Iceflayer	57	
411	The Shanker	1	
412	The Shanker	18	
413	The Shanker	36	
414	The Shanker	45	
415	The Khalim Organ	6	
416	The Khalim Organ	25	
417	The Khalim Organ	43	
418	The Khalim Organ	53	
419	Hellspeak	10	
420	Hellspeak	28	
421	Hellspeak	45	
422	Hellspeak	54	
423	Haareis	10	
424	Haareis	28	
425	Haareis	46	
426	Haareis	54	
427	Quov Tsin's Fall	4	
428	Quov Tsin's Fall	22	
429	Quov Tsin's Fall	41	
430	Quov Tsin's Fall	50	
431	Anthem De Frost	5	
432	Anthem De Frost	24	
433	Anthem De Frost	42	
434	Anthem De Frost	51	
435	Dragonstone	10	
436	Dragonstone	29	
437	Dragonstone	47	
438	Dragonstone	54	
439	The Watcher	1	
440	The Watcher	17	
441	The Watcher	36	
442	The Watcher	45	
443	Wildhunt	7	
444	Wildhunt	24	
445	Wildhunt	42	
446	Wildhunt	50	
447	Finis Terra	5	
448	Finis Terra	24	
449	Finis Terra	42	
450	Finis Terra	52	
451	Skyguard	8	
452	Skyguard	25	
453	Skyguard	43	
454	Skyguard	51	
455	Bonechewer	4	
456	Bonechewer	22	
457	Bonechewer	39	
458	Bonechewer	48	
459	Fauztin's Visage	11	
460	Fauztin's Visage	37	
461	Fauztin's Visage	61	
462	Fauztin's Visage	75	
463	Ravenflock	16	
464	Ravenflock	45	
465	Ravenflock	70	
466	Ravenflock	84	
467	Frostbringer	7	
468	Frostbringer	26	
469	Frostbringer	45	
470	Frostbringer	54	
471	Naiad King	4	
472	Naiad King	25	
473	Naiad King	46	
474	Naiad King	55	
475	Icebird	4	
476	Icebird	23	
477	Icebird	41	
478	Icebird	50	
479	Farnham's Flowerpot	6	
480	Farnham's Flowerpot	23	
481	Farnham's Flowerpot	41	
482	Farnham's Flowerpot	49	
483	Shroud Royal	11	
484	Shroud Royal	28	
485	Shroud Royal	46	
486	Shroud Royal	54	
487	Serenthia's Disguise	3	
488	Serenthia's Disguise	20	
489	Serenthia's Disguise	38	
490	Serenthia's Disguise	46	
491	Graven Image	7	
492	Graven Image	25	
493	Graven Image	42	
494	Graven Image	51	
495	Pollice Verso	10	
496	Pollice Verso	27	
497	Pollice Verso	44	
498	Pollice Verso	52	
499	Edge of Extinction	11	
500	Edge of Extinction	29	
501	Edge of Extinction	48	
502	Edge of Extinction	55	
503	Hellreaper	4	
504	Hellreaper	23	
505	Hellreaper	41	
506	Hellreaper	51	
507	Invictus	14	
508	Invictus	31	
509	Invictus	49	
510	Invictus	57	
511	Sudis Murale	7	
512	Sudis Murale	25	
513	Sudis Murale	44	
514	Sudis Murale	53	
515	Dubhdroiacht	4	
516	Dubhdroiacht	23	
517	Dubhdroiacht	42	
518	Dubhdroiacht	50	
519	Dies Metus	6	
520	Dies Metus	24	
521	Dies Metus	43	
522	Dies Metus	52	
523	Steel Golem	9	
524	Steel Golem	27	
525	Steel Golem	45	
526	Steel Golem	52	
527	Doomfall	10	
528	Doomfall	28	
529	Doomfall	45	
530	Doomfall	54	
531	Voidstream	4	
532	Voidstream	23	
533	Voidstream	41	
534	Voidstream	51	
535	Norrec's Topor	7	
536	Norrec's Topor	25	
537	Norrec's Topor	44	
538	Norrec's Topor	53	
539	Lanterne Rouge	8	
540	Lanterne Rouge	25	
541	Lanterne Rouge	43	
542	Lanterne Rouge	51	
543	The Flying Anvil	11	
544	The Flying Anvil	29	
545	The Flying Anvil	48	
546	The Flying Anvil	55	
547	The Dao of Xiansai	11	
548	The Dao of Xiansai	29	
549	The Dao of Xiansai	49	
550	The Dao of Xiansai	57	
551	Wake of Destruction	9	
552	Wake of Destruction	27	
553	Wake of Destruction	44	
554	Wake of Destruction	52	
555	Blackheart	11	
556	Blackheart	29	
557	Blackheart	47	
558	Blackheart	55	
559	Blackleach Blade	6	
560	Blackleach Blade	26	
561	Blackleach Blade	47	
562	Blackleach Blade	57	
563	Gift of the Spiritbeast	12	
564	Gift of the Spiritbeast	31	
565	Gift of the Spiritbeast	52	
566	Gift of the Spiritbeast	60	
567	Brainhack	1	
568	Brainhack	19	
569	Brainhack	37	
570	Brainhack	46	
571	Faithshaker	12	
572	Faithshaker	30	
573	Faithshaker	49	
574	Faithshaker	56	
575	Leather of Aut	2	
576	Leather of Aut	19	
577	Leather of Aut	37	
578	Leather of Aut	45	
579	Sawfish	4	
580	Sawfish	22	
581	Sawfish	41	
582	Sawfish	50	
583	Earth Song	4	
584	Earth Song	22	
585	Earth Song	39	
586	Earth Song	48	
587	Deadfall	7	
588	Deadfall	24	
589	Deadfall	41	
590	Deadfall	50	
591	Death Spur	3	
592	Death Spur	20	
593	Death Spur	38	
594	Death Spur	46	
595	Fallentooth	8	
596	Fallentooth	28	
597	Fallentooth	47	
598	Fallentooth	54	
599	Toorc's Gift	3	
600	Toorc's Gift	20	
601	Toorc's Gift	38	
602	Toorc's Gift	46	
603	Lavadome	4	
604	Lavadome	22	
605	Lavadome	39	
606	Lavadome	48	
607	Thunderhead	5	
608	Thunderhead	23	
609	Thunderhead	40	
610	Thunderhead	49	
611	Mendeln's Companion	4	
612	Mendeln's Companion	24	
613	Mendeln's Companion	45	
614	Mendeln's Companion	55	
615	The Crucifier	3	
616	The Crucifier	23	
617	The Crucifier	44	
618	The Crucifier	53	
619	Cornucopia	6	
620	Cornucopia	23	
621	Cornucopia	41	
622	Cornucopia	49	
623	Godhead	2	
624	Godhead	19	
625	Godhead	37	
626	Godhead	45	
627	Deadly Hunter	1	
628	Deadly Hunter	20	
629	Deadly Hunter	39	
630	Deadly Hunter	48	
631	Icehunter's Fang	7	
632	Icehunter's Fang	26	
633	Icehunter's Fang	45	
634	Icehunter's Fang	54	
635	Demon's Flight	1	
636	Demon's Flight	18	
637	Demon's Flight	36	
638	Demon's Flight	46	
639	Slimedrool	3	
640	Slimedrool	20	
641	Slimedrool	37	
642	Slimedrool	47	
643	The Nutcracker	1	
644	The Nutcracker	19	
645	The Nutcracker	37	
646	The Nutcracker	46	
647	Ennead's Bane	6	
648	Ennead's Bane	24	
649	Ennead's Bane	41	
650	Ennead's Bane	51	
651	Banner of Duncraig	5	
652	Banner of Duncraig	23	
653	Banner of Duncraig	40	
654	Banner of Duncraig	49	
655	Bul Kathos' Teaching	13	
656	Bul Kathos' Teaching	31	
657	Bul Kathos' Teaching	50	
658	Bul Kathos' Teaching	58	
659	Acidburn	6	
660	Acidburn	24	
661	Acidburn	43	
662	Acidburn	52	
663	Wrathchild	12	
664	Wrathchild	31	
665	Wrathchild	52	
666	Wrathchild	60	
667	Nightscape	4	
668	Nightscape	22	
669	Nightscape	39	
670	Nightscape	48	
671	Heartrend	1	
672	Heartrend	18	
673	Heartrend	37	
674	Heartrend	46	
675	Wheel of Fortune	4	
676	Wheel of Fortune	21	
677	Wheel of Fortune	39	
678	Wheel of Fortune	48	
679	Acidblood	2	
680	Acidblood	18	
681	Acidblood	35	
682	Acidblood	45	
683	Vilehand	1	
684	Vilehand	17	
685	Vilehand	34	
686	Vilehand	43	
687	Wormtongue	3	
688	Wormtongue	21	
689	Wormtongue	38	
690	Wormtongue	46	
691	Runeshatter	3	
692	Runeshatter	22	
693	Runeshatter	40	
694	Runeshatter	50	
695	Visegrip	6	
696	Visegrip	24	
697	Visegrip	41	
698	Visegrip	50	
699	Dragon's Blood	8	
700	Dragon's Blood	25	
701	Dragon's Blood	43	
702	Dragon's Blood	51	
703	Zealot Rush	6	
704	Zealot Rush	24	
705	Zealot Rush	41	
706	Zealot Rush	50	
707	Darkplague	6	
708	Darkplague	25	
709	Darkplague	43	
710	Darkplague	52	
711	Magebane	3	
712	Magebane	22	
713	Magebane	40	
714	Magebane	50	
715	The Magister	3	
716	The Magister	21	
717	The Magister	40	
718	The Magister	49	
719	Herr Donner	8	
720	Herr Donner	26	
721	Herr Donner	45	
722	Herr Donner	54	
723	The Black Dame	11	
724	The Black Dame	30	
725	The Black Dame	48	
726	The Black Dame	57	
727	Koth's Lesson	5	
728	Koth's Lesson	23	
729	Koth's Lesson	42	
730	Koth's Lesson	51	
731	Mooncurse	10	
732	Mooncurse	29	
733	Mooncurse	47	
734	Mooncurse	55	
735	Terra Indiges	10	
736	Terra Indiges	29	
737	Terra Indiges	47	
738	Terra Indiges	55	
739	Sundial Spire	7	
740	Sundial Spire	25	
741	Sundial Spire	44	
742	Sundial Spire	53	
743	King of the Dreadlands	1	
744	King of the Dreadlands	20	
745	King of the Dreadlands	40	
746	King of the Dreadlands	50	
747	Wasp Sting	7	
748	Wasp Sting	26	
749	Wasp Sting	44	
750	Wasp Sting	53	
751	Lord of Thorns	11	
752	Lord of Thorns	31	
753	Lord of Thorns	51	
754	Lord of Thorns	59	
755	Umbaru's Jinx	7	
756	Umbaru's Jinx	24	
757	Umbaru's Jinx	42	
758	Umbaru's Jinx	50	
759	Bonerattler	7	
760	Bonerattler	25	
761	Bonerattler	44	
762	Bonerattler	53	
763	The Prospector's Pick	7	
764	The Prospector's Pick	26	
765	The Prospector's Pick	44	
766	The Prospector's Pick	53	
767	Zerae's Veil	2	
768	Zerae's Veil	18	
769	Zerae's Veil	36	
770	Zerae's Veil	45	
771	Magnet Rock	7	
772	Magnet Rock	25	
773	Magnet Rock	44	
774	Magnet Rock	53	
775	Na-Krul's Spine	6	
776	Na-Krul's Spine	26	
777	Na-Krul's Spine	47	
778	Na-Krul's Spine	57	
779	Deathwind	4	
780	Deathwind	23	
781	Deathwind	41	
782	Deathwind	51	
783	Oni no Ona	1	
784	Oni no Ona	19	
785	Oni no Ona	40	
786	Oni no Ona	50	
787	Astrogha's Eye	5	
788	Astrogha's Eye	22	
789	Astrogha's Eye	40	
790	Astrogha's Eye	49	
791	Dragonfire	8	
792	Dragonfire	25	
793	Dragonfire	43	
794	Dragonfire	52	
795	Death Pit Stake	10	
796	Death Pit Stake	29	
797	Death Pit Stake	47	
798	Death Pit Stake	55	
799	Shadowstrike	3	
800	Shadowstrike	21	
801	Shadowstrike	40	
802	Shadowstrike	49	
803	Iceshell	6	
804	Iceshell	23	
805	Iceshell	42	
806	Iceshell	50	
807	Dragon Tail	10	
808	Dragon Tail	27	
809	Dragon Tail	44	
810	Dragon Tail	52	
811	Albrecht's Heirloom	2	
812	Albrecht's Heirloom	20	
813	Albrecht's Heirloom	37	
814	Albrecht's Heirloom	46	
815	The War Cloak	1	
816	The War Cloak	18	
817	The War Cloak	35	
818	The War Cloak	44	
819	Cane of Juris Khan	1	
820	Cane of Juris Khan	19	
821	Cane of Juris Khan	39	
822	Cane of Juris Khan	50	
823	Thorn Branch	12	
824	Thorn Branch	31	
825	Thorn Branch	49	
826	Thorn Branch	58	
827	Herald of Skartara	11	
828	Herald of Skartara	30	
829	Herald of Skartara	48	
830	Herald of Skartara	57	
831	Embershot	11	
832	Embershot	30	
833	Embershot	48	
834	Embershot	57	
835	Sharkbaiter	4	
836	Sharkbaiter	21	
837	Sharkbaiter	39	
838	Sharkbaiter	47	
839	Oreichalcos	4	
840	Oreichalcos	21	
841	Oreichalcos	39	
842	Oreichalcos	48	
843	Wardance	4	
844	Wardance	22	
845	Wardance	41	
846	Wardance	50	
847	Lunarsong	3	
848	Lunarsong	21	
849	Lunarsong	40	
850	Lunarsong	49	
851	Moonwrap	1	
852	Moonwrap	17	
853	Moonwrap	35	
854	Moonwrap	43	
855	Robe of Leaves	4	
856	Robe of Leaves	21	
857	Robe of Leaves	39	
858	Robe of Leaves	47	
859	Sunbearer	1	
860	Sunbearer	18	
861	Sunbearer	37	
862	Sunbearer	46	
863	Al Nath	2	
864	Al Nath	20	
865	Al Nath	39	
866	Al Nath	48	
867	Circuit Breaker	12	
868	Circuit Breaker	30	
869	Circuit Breaker	49	
870	Circuit Breaker	57	
871	Bonefiend	6	
872	Bonefiend	24	
873	Bonefiend	43	
874	Bonefiend	52	
875	Vipercast	6	
876	Vipercast	25	
877	Vipercast	43	
878	Vipercast	53	
879	Chargebreaker	12	
880	Chargebreaker	30	
881	Chargebreaker	47	
882	Chargebreaker	56	
883	Buriza-Do Tsuru	5	
884	Buriza-Do Tsuru	24	
885	Buriza-Do Tsuru	42	
886	Buriza-Do Tsuru	52	
887	The Rift Bow	1	
888	The Rift Bow	17	
889	The Rift Bow	36	
890	The Rift Bow	45	
891	Icepick	5	
892	Icepick	23	
893	Icepick	42	
894	Icepick	51	
895	Demoncall	1	
896	Demoncall	17	
897	Demoncall	36	
898	Demoncall	45	
899	Grim Fang	1	
900	Grim Fang	19	
901	Grim Fang	37	
902	Grim Fang	46	
903	Webspinner	8	
904	Webspinner	28	
905	Webspinner	47	
906	Webspinner	54	
907	Topspin	3	
908	Topspin	20	
909	Topspin	37	
910	Topspin	47	
911	Destroying Angel	2	
912	Destroying Angel	20	
913	Destroying Angel	37	
914	Destroying Angel	46	
915	Narlant Dream	4	
916	Narlant Dream	23	
917	Narlant Dream	42	
918	Narlant Dream	50	
919	Titan's Burden	11	
920	Titan's Burden	29	
921	Titan's Burden	47	
922	Titan's Burden	55	
923	The Aggressor	5	
924	The Aggressor	23	
925	The Aggressor	42	
926	The Aggressor	51	
927	Ravenbeak	1	
928	Ravenbeak	18	
929	Ravenbeak	36	
930	Ravenbeak	46	
931	Fangspear	7	
932	Fangspear	25	
933	Fangspear	44	
934	Fangspear	53	
935	Greiz' Slapjack	3	
936	Greiz' Slapjack	21	
937	Greiz' Slapjack	40	
938	Greiz' Slapjack	49	
939	Cloudladder	7	
940	Cloudladder	24	
941	Cloudladder	42	
942	Cloudladder	51	
943	Compass of Souls	11	
944	Compass of Souls	30	
945	Compass of Souls	51	
946	Compass of Souls	59	
947	Grimspirit	10	
948	Grimspirit	28	
949	Grimspirit	46	
950	Grimspirit	54	
951	Jitan's Kamon	6	
952	Jitan's Kamon	23	
953	Jitan's Kamon	41	
954	Jitan's Kamon	49	
955	Flowerspring	6	
956	Flowerspring	25	
957	Flowerspring	43	
958	Flowerspring	52	
959	Starkiller	9	
960	Starkiller	29	
961	Starkiller	48	
962	Starkiller	55	
963	Carmen Arvale	3	
964	Carmen Arvale	21	
965	Carmen Arvale	38	
966	Carmen Arvale	47	
967	Grail of Tears	2	
968	Grail of Tears	20	
969	Grail of Tears	37	
970	Grail of Tears	46	
971	The Angiris Pike	11	
972	The Angiris Pike	31	
973	The Angiris Pike	51	
974	The Angiris Pike	60	
975	Sterrenvogel	1	
976	Sterrenvogel	17	
977	Sterrenvogel	36	
978	Sterrenvogel	45	
979	Death Touch	1	
980	Death Touch	18	
981	Death Touch	36	
982	Death Touch	45	
983	Dwaallicht	10	
984	Dwaallicht	29	
985	Dwaallicht	47	
986	Dwaallicht	55	
987	Auriel's Halo	8	
988	Auriel's Halo	25	
989	Auriel's Halo	43	
990	Auriel's Halo	51	
991	Black Sheep Wall	6	
992	Black Sheep Wall	24	
993	Black Sheep Wall	41	
994	Black Sheep Wall	50	
995	The Ivory Tower	7	
996	The Ivory Tower	25	
997	The Ivory Tower	42	
998	The Ivory Tower	51	
999	Corpsefling	12	
1000	Corpsefling	31	
1001	Corpsefling	49	
1002	Corpsefling	58	
1003	Sea Summoner	3	
1004	Sea Summoner	21	
1005	Sea Summoner	40	
1006	Sea Summoner	49	
1007	The Overlord	1	
1008	The Overlord	19	
1009	The Overlord	37	
1010	The Overlord	46	
1011	Darkflesh	5	
1012	Darkflesh	23	
1013	Darkflesh	40	
1014	Darkflesh	49	
1015	Bergkaiser	7	
1016	Bergkaiser	27	
1017	Bergkaiser	48	
1018	Bergkaiser	58	
1019	Salamander's Breath	9	
1020	Salamander's Breath	29	
1021	Salamander's Breath	48	
1022	Salamander's Breath	55	
1023	The Compensator	1	
1024	The Compensator	18	
1025	The Compensator	37	
1026	The Compensator	46	
1027	Rainbowcleave	11	
1028	Rainbowcleave	29	
1029	Rainbowcleave	48	
1030	Rainbowcleave	55	
1031	Archon's Wrath	5	
1032	Archon's Wrath	24	
1033	Archon's Wrath	42	
1034	Archon's Wrath	51	
1035	Dreamswayer	7	
1036	Dreamswayer	26	
1037	Dreamswayer	44	
1038	Dreamswayer	54	
1039	Staff of Roses	10	
1040	Staff of Roses	29	
1041	Staff of Roses	47	
1042	Staff of Roses	54	
1043	Lachdanan's Avenger	12	
1044	Lachdanan's Avenger	30	
1045	Lachdanan's Avenger	49	
1046	Lachdanan's Avenger	57	
1047	The Warped Blade	12	
1048	The Warped Blade	33	
1049	The Warped Blade	52	
1050	The Warped Blade	62	
1051	Big Bad	3	
1052	Big Bad	20	
1053	Big Bad	37	
1054	Big Bad	47	
1055	Spellgrip	2	
1056	Spellgrip	20	
1057	Spellgrip	39	
1058	Spellgrip	48	
1059	Drake Cigar	3	
1060	Drake Cigar	21	
1061	Drake Cigar	40	
1062	Drake Cigar	49	
1063	Shadowchild	4	
1064	Shadowchild	21	
1065	Shadowchild	39	
1066	Shadowchild	48	
1067	Cornerstone of the World	120	
1068	Cornerstone of the World	120	
1069	Cornerstone of the World	120	
1070	Cornerstone of the World	120	
1071	Cornerstone of the World	120	
1072	Cornerstone of the World	120	
1073	Cornerstone of the World	120	
1074	Cornerstone of the World	120	
1075	Cornerstone of the World	120	
1076	Cornerstone of the World	120	
1077	Cornerstone of the World	120	
1078	Cornerstone of the World	120	
1079	Cornerstone of the World	120	
1080	Cornerstone of the World	120	
1081	Cornerstone of the World	120	
1082	Cornerstone of the World	120	
1083	Cornerstone of the World	120	
1084	Cornerstone of the World	120	
1085	Cornerstone of the World	120	
1086	Cornerstone of the World	120	
1087	Cornerstone of the World	120	
1088	Cornerstone of the World	120	
1089	Cornerstone of the World	120	
1090	Cornerstone of the World	120	
1091	Cornerstone of the World	120	
1092	Cornerstone of the World	120	
1093	Cornerstone of the World	120	
1094	Cornerstone of the World	120	
1095	Cornerstone of the World	120	
1096	Cornerstone of the World	120	
1097	Cornerstone of the World	120	
1098	Cornerstone of the World	120	
1099	Cornerstone of the World	120	
1100	Cornerstone of the World	120	
1101	Cornerstone of the World	120	
1102	Cornerstone of the World	120	
1103	Cornerstone of the World	120	
1104	Cornerstone of the World	120	
1105	Cornerstone of the World	120	
1106	Cornerstone of the World	120	
1107	Cornerstone of the World	120	
1108	Cornerstone of the World	120	
1109	Cornerstone of the World	120	
1110	Cornerstone of the World	120	
1111	Cornerstone of the World	120	
1112	Cornerstone of the World	120	
1113	Cornerstone of the World	120	
1114	Cornerstone of the World	120	
1115	Cornerstone of the World	120	
1116	Cornerstone of the World	120	
1117	Cornerstone of the World	120	
1118	Cornerstone of the World	120	
1119	Cornerstone of the World	120	
1120	Cornerstone of the World	120	
1121	Cornerstone of the World	120	
1122	Cornerstone of the World	120	
1123	Cornerstone of the World	120	
1124	Cornerstone of the World	120	
1125	Cornerstone of the World	120	
1126	Cornerstone of the World	120	
1127	Cornerstone of the World	120	
1128	Cornerstone of the World	120	
1129	Cornerstone of the World	120	
1130	Cornerstone of the World	120	
1131	Cornerstone of the World	120	
1132	Cornerstone of the World	120	
1133	Cornerstone of the World	120	
1134	Cornerstone of the World	120	
1135	Cornerstone of the World	120	
1136	Cornerstone of the World	120	
1137	Cornerstone of the World	120	
1138	Cornerstone of the World	120	
1139	Cornerstone of the World	120	
1140	Cornerstone of the World	120	
1141	Cornerstone of the World	120	
1142	Cornerstone of the World	120	
1143	Cornerstone of the World	120	
1144	Cornerstone of the World	120	
1145	Cornerstone of the World	120	
1146	Cornerstone of the World	120	
1147	Cornerstone of the World	120	
1148	Cornerstone of the World	120	
1149	Cornerstone of the World	120	
1150	Cornerstone of the World	120	
1151	Cornerstone of the World	120	
1152	Cornerstone of the World	120	
1153	Cornerstone of the World	120	
1154	Cornerstone of the World	120	
1155	Cornerstone of the World	120	
1156	Cornerstone of the World	120	
1157	Cornerstone of the World	120	
1158	Cornerstone of the World	120	
1159	Cornerstone of the World	120	
1160	Cornerstone of the World	120	
1161	Cornerstone of the World	120	
1162	Cornerstone of the World	120	
1163	Cornerstone of the World	120	
1164	Cornerstone of the World	120	
1165	Cornerstone of the World	120	
1166	Cornerstone of the World	120	
1167	Cornerstone of the World	120	
1168	Cornerstone of the World	120	
1169	Cornerstone of the World	120	
1170	Cornerstone of the World	120	
1171	Cornerstone of the World	120	
1172	Cornerstone of the World	120	
1173	Cornerstone of the World	120	
1174	Cornerstone of the World	120	
1175	Cornerstone of the World	120	
1176	Cornerstone of the World	120	
1177	Cornerstone of the World	120	
1178	Cornerstone of the World	120	
1179	Cornerstone of the World	120	
1180	Cornerstone of the World	120	
1181	Cornerstone of the World	120	
1182	Cornerstone of the World	120	
1183	Cornerstone of the World	120	
1184	Cornerstone of the World	120	
1185	Cornerstone of the World	120	
1186	Cornerstone of the World	120	
1187	Cornerstone of the World	120	
1188	Cornerstone of the World	120	
1189	Cornerstone of the World	120	
1190	Cornerstone of the World	120	
1191	Cornerstone of the World	120	
1192	Cornerstone of the World	120	
1193	Cornerstone of the World	120	
1194	Cornerstone of the World	120	
1195	Cornerstone of the World	120	
1196	Cornerstone of the World	120	
1197	Cornerstone of the World	120	
1198	Cornerstone of the World	120	
1199	Cornerstone of the World	120	
1200	Cornerstone of the World	120	
1201	Cornerstone of the World	120	
1202	Cornerstone of the World	120	
1203	Cornerstone of the World	120	
1204	Cornerstone of the World	120	
1205	Cornerstone of the World	120	
1206	Cornerstone of the World	120	
1207	Cornerstone of the World	120	
1208	Cornerstone of the World	120	
1209	Cornerstone of the World	120	
1210	Cornerstone of the World	120	
1211	Cornerstone of the World	120	
1212	Cornerstone of the World	120	
1213	Cornerstone of the World	120	
1214	Cornerstone of the World	120	
1215	Cornerstone of the World	120	
1216	Cornerstone of the World	120	
1217	Cornerstone of the World	120	
1218	Cornerstone of the World	120	
1219	Cornerstone of the World	120	
1220	Cornerstone of the World	120	
1221	Cornerstone of the World	120	
1222	Cornerstone of the World	120	
1223	Cornerstone of the World	120	
1224	Cornerstone of the World	120	
1225	Cornerstone of the World	120	
1226	Cornerstone of the World	120	
1227	Cornerstone of the World	120	
1228	Cornerstone of the World	120	
1229	Cornerstone of the World	120	
1230	Cornerstone of the World	120	
1231	Cornerstone of the World	120	
1232	Cornerstone of the World	120	
1233	Cornerstone of the World	120	
1234	Cornerstone of the World	120	
1235	Cornerstone of the World	120	
1236	Cornerstone of the World	120	
1237	Cornerstone of the World	120	
1238	Cornerstone of the World	120	
1239	Cornerstone of the World	120	
1240	Cornerstone of the World	120	
1241	Cornerstone of the World	120	
1242	Cornerstone of the World	120	
1243	Cornerstone of the World	120	
1244	Cornerstone of the World	120	
1245	Cornerstone of the World	120	
1246	Cornerstone of the World	120	
1247	Cornerstone of the World	120	
1248	Cornerstone of the World	120	
1249	Cornerstone of the World	120	
1250	Cornerstone of the World	120	
1251	Cornerstone of the World	120	
1252	Cornerstone of the World	120	
1253	Cornerstone of the World	120	
1254	Cornerstone of the World	120	
1255	Cornerstone of the World	120	
1256	Cornerstone of the World	120	
1257	Cornerstone of the World	120	
1258	Cornerstone of the World	120	
1259	Cornerstone of the World	120	
1260	Cornerstone of the World	120	
1261	Cornerstone of the World	120	
1262	Cornerstone of the World	120	
1263	Cornerstone of the World	120	
1264	Cornerstone of the World	120	
1265	Cornerstone of the World	120	
1266	Cornerstone of the World	120	
1267	Cornerstone of the World	120	
1268	Cornerstone of the World	120	
1269	Cornerstone of the World	120	
1270	Cornerstone of the World	120	
1271	Cornerstone of the World	120	
1272	Cornerstone of the World	120	
1273	Cornerstone of the World	120	
1274	Cornerstone of the World	120	
1275	Cornerstone of the World	120	
1276	Cornerstone of the World	120	
1277	Cornerstone of the World	120	
1278	Cornerstone of the World	120	
1279	Cornerstone of the World	120	
1280	Cornerstone of the World	120	
1281	Cornerstone of the World	120	
1282	Cornerstone of the World	120	
1283	Cornerstone of the World	120	
1284	Cornerstone of the World	120	
1285	Cornerstone of the World	120	
1286	Cornerstone of the World	120	
1287	Cornerstone of the World	120	
1288	Cornerstone of the World	120	
1289	Cornerstone of the World	120	
1290	Cornerstone of the World	120	
1291	Cornerstone of the World	120	
1292	Cornerstone of the World	120	
1293	Cornerstone of the World	120	
1294	Cornerstone of the World	120	
1295	Cornerstone of the World	120	
1296	Cornerstone of the World	120	
1297	Cornerstone of the World	120	
1298	Cornerstone of the World	120	
1299	Cornerstone of the World	120	
1300	Cornerstone of the World	120	
1301	Cornerstone of the World	120	
1302	Cornerstone of the World	120	
1303	Cornerstone of the World	120	
1304	Cornerstone of the World	120	
1305	Cornerstone of the World	120	
1306	Cornerstone of the World	120	
1307	Cornerstone of the World	120	
1308	Cornerstone of the World	120	
1309	Cornerstone of the World	120	
1310	Cornerstone of the World	120	
1311	Cornerstone of the World	120	
1312	Cornerstone of the World	120	
1313	Cornerstone of the World	120	
1314	Cornerstone of the World	120	
1315	Cornerstone of the World	120	
1316	Cornerstone of the World	120	
1317	Cornerstone of the World	120	
1318	Cornerstone of the World	120	
1319	Cornerstone of the World	120	
1320	Cornerstone of the World	120	
1321	Cornerstone of the World	120	
1322	Cornerstone of the World	120	
1323	Cornerstone of the World	120	
1324	Cornerstone of the World	120	
1325	Cornerstone of the World	120	
1326	Cornerstone of the World	120	
1327	Cornerstone of the World	120	
1328	Cornerstone of the World	120	
1329	Cornerstone of the World	120	
1330	Cornerstone of the World	120	
1331	Cornerstone of the World	120	
1332	Cornerstone of the World	120	
1333	Cornerstone of the World	120	
1334	Cornerstone of the World	120	
1335	Cornerstone of the World	120	
1336	Cornerstone of the World	120	
1337	Cornerstone of the World	120	
1338	Cornerstone of the World	120	
1339	Cornerstone of the World	120	
1340	Cornerstone of the World	120	
1341	Cornerstone of the World	120	
1342	Cornerstone of the World	120	
1343	Cornerstone of the World	120	
1344	Cornerstone of the World	120	
1345	Cornerstone of the World	120	
1346	Cornerstone of the World	120	
1347	Cornerstone of the World	120	
1348	Cornerstone of the World	120	
1349	Cornerstone of the World	120	
1350	Cornerstone of the World	120	
1351	Cornerstone of the World	120	
1352	Cornerstone of the World	120	
1353	Cornerstone of the World	120	
1354	Cornerstone of the World	120	
1355	Cornerstone of the World	120	
1356	Cornerstone of the World	120	
1357	Cornerstone of the World	120	
1358	Cornerstone of the World	120	
1359	Cornerstone of the World	120	
1360	Cornerstone of the World	120	
1361	Cornerstone of the World	120	
1362	Cornerstone of the World	120	
1363	Cornerstone of the World	120	
1364	Cornerstone of the World	120	
1365	Cornerstone of the World	120	
1366	Cornerstone of the World	120	
1367	Cornerstone of the World	0	
1368	Cornerstone of the World	0	
1369	Cornerstone of the World	0	
1370	Cornerstone of the World	0	
1371	Cornerstone of the World	0	
1372	Cornerstone of the World	0	
1373	Cornerstone of the World	0	
1374	Cornerstone of the World	0	
1375	Cornerstone of the World	0	
1376	Cornerstone of the World	0	
1377	Cornerstone of the World	0	
1378	Cornerstone of the World	0	
1379	Cornerstone of the World	0	
1380	Cornerstone of the World	0	
1381	Cornerstone of the World	0	
1382	Cornerstone of the World	0	
1383	Cornerstone of the World	0	
1384	Cornerstone of the World	0	
1385	Cornerstone of the World	0	
1386	Cornerstone of the World	0	
1387	Cornerstone of the World	0	
1388	Cornerstone of the World	0	
1389	Cornerstone of the World	0	
1390	Cornerstone of the World	0	
1391	Cornerstone of the World	0	
1392	Cornerstone of the World	0	
1393	Cornerstone of the World	0	
1394	Cornerstone of the World	0	
1395	Cornerstone of the World	0	
1396	Cornerstone of the World	0	
1397	Astreon's Citadel	100	
1398	Herald of Zakarum	100	
1399	Silks of the Victor	100	
1400	Khazra Plate	100	
1401	Tyrael's Might	130	tyrmight
1402	Herald of Pestilence	100	
1403	The Angiris Star	100	
1404	Forest Defender	100	
1405	Greenwalker's Charge	100	
1406	The Doom Gong of Xiansai	100	
1407	Eagle Eye	80	
1408	Boarfrost	100	
1409	Vision of the Furies	100	
1410	Danmaku	100	
1411	Bul Kathos' Temper	100	
1412	Lilith's Legion	100	
1413	Talic the Unwilling	100	
1414	Berserrker	100	
1415	Griefbringer	100	
1416	Ophiophagus	120	
1417	Buzzbomb	100	
1418	Penumbra	100	
1419	Zann Prodigy	100	
1420	Lachdanan's Visage	100	
1421	Tylwulf's Betrayal	100	
1422	Shadowfang	100	inv2hsu
1423	Hephasto's Reaver	60	
1424	Xorine's Cane	100	
1425	Absolute Zero	100	
1426	Ashaera's Armor	100	
1427	Dementia	100	
1428	Hivemind	100	
1429	Veil of the Tainted Sun	100	
1430	Plunderbird	100	
1431	Drow Valor	100	
1432	Banner of Bitter Winds	100	
1433	Zayl's Temptation	100	
1434	Gaze of the Dead	120	
1435	Black Masquerade	80	
1436	Rainbow Fury	100	
1437	The Collector	110	
1438	Storm Focus	100	
1439	Malevolence	100	
1440	The Pyre	100	
1441	Mad King's Spine	100	
1442	Reaper's Hand	100	
1443	Soul Reaver	120	
1444	Clockwork Slippers	80	
1445	Aeterna	100	
1446	Sarandeshi Hellcaller	100	
1447	Esubane	100	
1448	Giyua's Grace	100	
1449	Rodeo's Hide	100	
1450	Pawnstorm	100	
1451	Khazra Pouch	90	
1452	Tinker's Gambit	100	
1453	Endless Pride	120	
1454	Armor of the Old Religion	100	
1455	Atanna Khan's Dress	100	
1456	Lionblood Crest	100	
1457	Rainbow Maiden	100	
1458	Twin Terrors	100	
1459	Sagittarius	100	
1460	Shrill Sacrament	100	
1461	Angel's Wrath	100	
1462	Dacana's Fist	100	
1463	Facebreaker	100	
1464	Hepsheeba's Mantle	100	
1465	Hide of the Basilisk	100	
1466	Eyes of Septumos	80	
1467	Dark Pact	100	
1468	Unveiling Eye	130	invsoulseek
1469	Gravetalon	100	
1470	Atanna's Key	100	
1471	Implement V.II	120	
1472	Mind Rake	100	
1473	Durandal the Blazing Sword	100	
1474	Malus Domestica	100	
1475	Gjallarhorn	100	
1476	Signal Fire	100	
1477	Gromotvod	100	
1478	Soulsplitter	100	
1479	Aidan's Lament	100	
1480	Undead Crown	110	UndeadCrown
1481	Ignis Demonia	100	
1482	Angelhost	100	
1483	Shadowsabre	100	
1484	Cold Blood	100	
1485	Azurewrath	100	invcrsu
1486	Bone Scalpel	100	
1487	Wizardspike	100	
1488	Hwanin's Hwacha	100	
1489	Advent of Hatred	100	
1490	Grim Silhouette	100	
1491	Sinwar	100	
1492	Crown of the Black Rose	110	
1493	Griffon's Eye	100	
1494	Leah's Vision	100	
1495	Galeona's Lash	100	
1496	Habacalva's Legacy	100	
1497	Holy Wars	100	
1498	Crown of Arnazeus	100	
1499	Deviant Crown	60	
1500	Phoenix Beak	100	
1501	Sky Spirit	100	
1502	Shadowtwin	100	
1503	Warmonger	100	
1504	Icetomb	100	
1505	Segnitia	100	
1506	Stormpick	100	
1507	Fire Hydra	100	invqf2
1508	Blacktongue	100	
1509	Carsomyr	100	
1510	Hanfod Tan	100	
1511	The Biting Frost	100	flammeen
1512	The Searing Heat	100	flammeen
1513	Warshrike	100	
1514	Piranha Swarm	100	
1515	Shiverhood	100	
1516	Reapers	100	
1517	Robe of Steel	100	
1518	Goetia Plate	100	
1519	The Awakening	130	invawaken
1520	The Ritualist	100	
1521	Cloak of the Outcast	100	
1522	Hero's Fang	100	
1523	The Sentinel's Sorrow	100	
1524	Hammerfist	100	
1525	Lamha Na Draoithe	100	
1526	Qarak's Will	100	
1527	Azgar's Crystal	100	invbswu
1528	Toraja's Champion	100	
1529	The Ancients' Legacy	100	
1530	Night's Embrace	100	
1531	Moonfang	100	
1532	Aerin Nexus	100	
1533	Spire of Sarnakyle	100	
1534	The Point of No Return	125	invhst
1535	Darkfeast	100	
1536	Darkfeast	100	
1537	Adjudicator	100	
1538	Darkfeast	100	
1539	Scales of the Serpent	100	
1540	Strength Beyond Strength	100	
1541	Arrogance	120	invarrogance
1542	Shield of Hakan II	100	
1543	Madawc Val Narian	100	
1544	Dead Lake's Lady	100	
1545	The Redeemer	100	
1546	Elder Law	100	
1547	Gotterdammerung	100	
1548	Metalhead	100	
1549	Veil of Steel	130	
1550	Feltongue	100	
1551	The Grandfather	120	invgsdu
1552	Rodeo's Tramplers	100	
1553	Knight's Grace	100	greavessu3
1554	King's Desire	100	
1555	Smokeless Fire	100	invwndur
1556	Zular Khan's Tempest	100	
1557	Black Ice	70	invvou
1558	Peace Warder	100	
1559	Grotesque Bite	100	
1560	Headsman	100	
1561	Chober Chaber	100	
1562	Malleus Maleficarum	100	
1563	Razorspine	100	
1564	The Petulant	100	
1565	Nor Tiraj's Wisdom	100	
1566	Black Void	100	
1567	Titan's Steps	100	
1568	Spirit Walker	100	
1569	Ratbane	100	
1570	Buriza-Do Kyanon	120	invhxbu
1571	Hellmouth	100	
1572	Rogue Foresight	100	
1573	Argentek's Tide	100	
1574	The Last Crusader	120	
1575	Dreamflayer	100	
1576	The Defiler	100	
1577	In Fero Salva	100	
1578	Venom Sting	100	
1579	Bear Grin	100	
1580	Voice of Arreat	100	
1581	Barghest's Howl	100	
1582	Blessed Wrath	100	
1583	Chillstring	100	
1584	Etrayu	100	
1585	The Pathless	100	
1586	Claw of the Spirit Wolf	100	
1587	Dervish of Aranoch	100	
1588	Adamantine Guard	100	
1589	Lightforge	100	
1590	Stormflyer	100	
1591	Skeld's Battlesong	100	
1592	Thunder King of Sescheron	100	
1593	Frostneedle	100	
1594	Black Razor	100	
1595	Yaggai's Sagaris	100	
1596	The King of Ents	100	
1597	Bartuc's Curse	100	
1598	Frozen Heart	100	
1599	Blackjade's Legacy	100	
1600	Demonic Touch	100	
1601	The Endless Loop	100	
1602	Lunar Eclipse	100	
1603	Blind Anger	100	
1604	Lorekeeper	80	
1605	Elemental Disciple	80	
1606	Auriel's Robe	100	
1607	Binding Treads	100	
1608	Akarat's Trek	100	
1609	Shamanka	100	
1610	Staff of Shadows	100	
1611	Wintry Majesty	120	invmajesty
1612	The Defender	100	
1613	Astral Blade	100	
1614	Hellreach	100	
1615	Windforce	100	
1616	Dreamflange	100	
1617	Hellrain	100	
1618	Titan's Revenge	100	
1619	Serenthia's Scorn	100	
1620	Panthera's Bite	100	
1621	Luminescence	100	
1622	Cleaver of Mirrors	100	
1623	Zephyr	100	
1624	Void-Touched	100	voidmaple
1625	Void-Infused	0	voidmaple
1626	Karybdus' Descent	100	
1627	Shadowfiend	100	
1628	The Worshipper	120	
1629	Trang-Oul's Breath	100	
1630	Idol of Rygnar	100	
1631	Viper Mandate	100	
1632	Hammer of Jholm	100	
1633	The Captain	100	
1634	The Colonel	100	
1635	Karcheus' Temptation	100	
1636	Rakkis' Benediction	100	
1637	Firequeen	100	
1638	Frysturgard	100	
1639	Storm Blade	125	
1640	Silver Scorpion	100	
1641	Impundulu	100	
1642	Crimson Dream	100	
1643	The Pride of Caldeum	100	
1644	Stormchaser	100	
1645	Skin of Kabraxis	100	
1646	Wolverine Skin	100	
1647	Lilith's Temptation	100	invblt
1648	Champion of the Triune	115	
1649	Bottled Will-o-Wisp	100	
1650	Homunculus	100	
1651	Screen of Viz-Jaq'Taar	100	
1652	Natalya's Deception	80	invqltz
1653	Iron Shard	100	
1654	Guardian of Scosglen	100	
1655	Mr. Painless	100	
1656	Askarbydd	100	
1657	Chasmstriker	100	
1658	Nihlathak's Bombard	100	
1659	Manticore Sting	100	
1660	Hratli's Craft	100	
1661	Scales of the Drake	100	
1662	Orationis Tenebris	100	
1663	The Vanquisher	100	
1664	Saber of the Stormsail	100	
1665	Alnair	100	
1666	Saber of the Stormsail	100	
1667	Ghostmoon	100	
1668	Mistress of Pain	100	
1669	Sash of the Frozen Seas	100	
1670	Alchemist Apron	100	
1671	Flameskin	100	
1672	Legion	100	
1673	Solar Scion	110	
1674	Kraken's Cutlass	100	
1675	Sherazade	100	
1676	Legio Di Manes	100	
1677	Bitter Harvest	100	
1678	Freakshow	100	
1679	Faerie Pyre	100	
1680	Golden Chariot	100	
1681	Hammerfall	100	
1682	Stormstrike	100	
1683	Screaming Serpent	100	
1684	Vizjerei Fury	100	
1685	Vizjerei's Folly	100	
1686	Deckard Cain's Heirloom	100	
1687	The Xiphos	60	
1688	The Eviscerator	100	
1689	Fleshstinger	100	
1690	Lacuni Cowl	90	
1691	Skull of the Viz-Jaq'taar	100	
1692	Witch Drum	100	
1693	The Flying Saucer	100	
1694	Bane of the Horadrim	100	
1695	Glowing Vertigo	100	
1696	Helepolis	100	
1697	Asgardsreia	100	
1698	Kaskara of the Taan	100	
1699	Gladiator's Rage	100	
1700	Darkspite	80	
1701	Stone Guardian	100	
1702	Celestial Barrier	100	
1703	Mente Scura	100	
1704	Heart of Fire	100	
1705	Nature's Orphan	100	
1706	Ranger's Disguise	100	
1707	Candlewake	100	
1708	Arkaine's Valor	100	
1709	Horned Hunter	100	
1710	Athulua's Wrath	100	
1711	The Book of Kalen	100	invbbb
1712	Mark of the Que-Hegan	100	
1713	Black Sun Spear	100	
1714	Jaguar's Grasp	100	
1715	Lacerator	100	
1716	Meshif's Iron Parrot	100	
1717	Dark Nemesis	100	
1718	Lancea	100	
1719	Thrillseeker	100	
1720	Royal Circlet	100	
1721	Radiance	100	
1722	Hexward	100	
1723	Eternal Bodyguard	100	
1724	Vaetia's Wall	100	
1725	Nymyr's Shadow	100	
1726	Stygian Fury	100	
1727	Steel Pillar	100	
1728	The Retiarius	100	
1729	Ord Rekar's Testament	100	
1730	Azgar's Mark	100	
1731	Eye of the Storm	100	
1732	Grim Visor	100	
1733	Hand of Rathma	100	invmagicwand
1734	Nimmenjuushin	100	
1735	Dux Infernum	100	
1736	Thunderbane	100	
1737	Battlemaiden	100	
1738	Spire of Kehjan	100	
1739	Valthek's Command	100	
1740	Aurumvorax	100	
1741	Eternal Vigil	100	
1742	Starhawk	100	
1743	Steel Punisher	100	warpbbl
1744	Coldhunger	100	
1745	Dreamweaver	100	
1746	Manastorm	100	
1747	Daydreamer	130	
1748	Dark Guardian	100	
1749	Feardrinker	100	
